-6.502674018466059191e-02,-4.154405691983314997e-01,3.392002312947022258e-01,5.744109092516737292e+01,7.060011364299262482e+01,1.125781045658831658e+02
-2.786179188719228872e-01,4.365226316894948999e-01,5.079397130220949519e-01,4.507525829071926182e+01,7.741306741610607389e+01,9.929617779924613785e+01
-3.938826506932127103e-01,-3.618872959732946093e-01,-4.530445682494423365e-01,4.588226810240465170e+01,9.820452154528366862e+01,9.969921532650508311e+01
-3.116411813261028563e-01,8.981952166491247169e-02,2.687626519066884656e-01,4.541806351400799002e+01,8.534160966917409041e+01,9.751352594274653995e+01
-1.108909085173048759e-01,-1.778127874464106584e-01,-2.735433634322126939e-01,5.258982322873311688e+01,9.160241651600287582e+01,9.456057332235407387e+01
-2.440225149793799897e-01,-1.816397216014302707e-01,4.457780370781352364e-01,5.693208245051864225e+01,8.966164260117533047e+01,1.258111649855731287e+02
4.534608572710028263e-01,4.991614554517956881e-01,-4.185780574781953756e-01,5.867033228518990029e+01,7.558020547135312484e+01,1.221906552568913611e+02
-2.084460425294790697e-01,1.711678507054071874e-01,1.584776400909168048e-01,6.598658080331958331e+01,9.136106075576626040e+01,1.068376121940485888e+02
4.370349887182026771e-01,1.441037871185220087e-01,-4.741183364545781820e-01,4.819599746109979321e+01,9.632033376841729932e+01,1.240136955044509648e+02
9.825912012282500552e-02,1.447473661421533331e-01,2.654232562227056835e-01,5.818720852291296808e+01,7.501339601602022356e+01,9.808872888986896044e+01
8.488702699145889152e-02,9.355821836037003791e-03,2.897055646050322730e-01,5.418157663196927132e+01,8.492635343637878975e+01,9.831486724954166334e+01
3.798861628103495924e-01,-3.326799416263698239e-02,-1.678479083800500926e-01,4.488950249064608045e+01,8.476204621664312810e+01,9.737850936378889344e+01
3.426668736562210604e-02,-2.503665385951897582e-02,-1.801976877860672621e-01,6.291296662732371203e+01,9.334537898159084079e+01,1.068639798596156254e+02
1.692912789126280737e-01,2.565545258604079448e-01,4.468082902865755379e-01,4.888011264784291399e+01,9.661932144027861113e+01,1.068399975326628919e+02
3.483797922482689824e-01,3.628314745125466034e-01,7.328592526929889051e-02,6.257698951164260848e+01,6.699692829198832555e+01,8.524453921100842990e+01
-3.658144063895646392e-01,1.233482565451667901e-01,3.703206513484885720e-01,5.616628613957692551e+01,8.374840316693456543e+01,1.017109193009108736e+02
-4.226583960736704504e-01,2.368552765729533549e-01,3.170414150414918586e-01,4.804377872532701588e+01,8.048815870352720481e+01,8.846798727106063609e+01
3.157110140622955141e-01,3.966403351186346127e-01,-2.583356764398631600e-01,4.824616579549285689e+01,9.724744560741399368e+01,1.070622255707923358e+02
-4.302329924906173053e-02,2.904493653997984870e-01,-2.890834229872135674e-01,6.313305450555323972e+01,7.123149096094212496e+01,1.163295070287272779e+02
4.223639598500912307e-01,-1.351803007712177873e-01,2.650177124087041980e-01,4.963065980137636046e+01,6.949187941359453191e+01,8.495761039814871651e+01
1.216484365982983817e-01,-4.190559369893965824e-01,1.636033049198628575e-01,6.350427410065812239e+01,8.003894678451328559e+01,9.247089655777905648e+01
4.046401567523629783e-01,-4.575026289987474404e-01,2.686093634545034803e-01,6.430026010815367954e+01,8.773904664382359897e+01,1.131032924734907112e+02
2.915225164291885829e-01,-3.504851625830026629e-01,2.487252701503021024e-01,4.769463557317499891e+01,8.805863783329053263e+01,1.158827403181350633e+02
2.279111824547642717e-01,-4.091255159689655141e-02,2.450615683502028741e-01,5.126699348705935222e+01,8.289013883385698023e+01,1.148066134962573415e+02
3.539320573288078364e-01,4.873824467739030775e-01,4.710832634503023808e-01,4.494506780226418385e+01,8.402260328223179897e+01,9.455513631382197559e+01
1.361480852669573194e-01,-1.314610583375328545e-01,3.892710629933671118e-02,5.228385212152480221e+01,9.311132267708345012e+01,9.928981345435826711e+01
-5.158890247437970533e-01,-2.634681977686355037e-01,4.249442346673431015e-01,5.992826954805565975e+01,7.293635480178379282e+01,1.126976178097535382e+02
1.572105486665232865e-01,4.439074614024310916e-01,-4.675514909050321188e-02,4.961410327045793167e+01,7.168811847662016135e+01,1.035555574202911941e+02
1.713435593869447882e-01,6.652137819858061629e-02,4.522053398680618841e-01,5.238068765706994867e+01,7.353840356667510036e+01,8.572843440220081845e+01
1.333298655675418942e-02,-3.057837021571894742e-01,-3.526891350229169886e-01,6.293688928900130009e+01,9.319988522130417152e+01,9.655764379573317058e+01
4.408392479149325638e-01,-3.698034321337377861e-01,-7.994817080580585156e-02,4.965731042867708567e+01,9.732534286549234537e+01,1.098965158717814177e+02
-2.774056505074918855e-01,4.704990770637865749e-01,-4.702502503463923400e-01,6.543041161757281543e+01,6.847241597656247336e+01,8.914117160467961298e+01
-1.607522997241718210e-01,4.775709450834858538e-01,2.894072914899981086e-02,4.623929175247838685e+01,6.834857114408049483e+01,1.162014666721560161e+02
3.919810867102422325e-01,3.293162728948964002e-01,3.446855874652290375e-01,6.395834221340547288e+01,7.755982879420923837e+01,1.032854355374583832e+02
2.369993989657326328e-02,3.690139004215557961e-01,3.737033285340907174e-01,5.490176569135594775e+01,8.558022413857611355e+01,1.239617426925083237e+02
3.430945610063032003e-01,-2.047621746512631180e-01,-8.438051646642019676e-04,4.426709982028496171e+01,7.657927406084689892e+01,1.160538574606002413e+02
-4.250868462148268412e-01,2.199291625031511987e-01,-2.188115592370714624e-01,5.126053555147065310e+01,6.961796641036215760e+01,9.652113625911512429e+01
3.150851723901191281e-01,-1.458131625034826406e-01,2.794714413960581734e-01,6.082393282111867450e+01,7.229920983688337799e+01,9.554713106275603707e+01
-3.487451427548056149e-01,-3.271518766464920347e-02,2.609345673623019168e-01,5.173103873078984094e+01,8.207250128151217439e+01,1.252130145312475236e+02
-3.026798214720288760e-02,-6.852537746243786421e-02,5.168155776986930183e-01,6.422041262046531074e+01,9.597540729287267425e+01,1.032601351632711726e+02
-4.676973464729790031e-01,-2.539957142434783322e-01,-2.309202824052276060e-01,4.682000561002168837e+01,6.968020435105802335e+01,8.418483871994912704e+01
-8.768978274676020312e-02,3.383575113763394038e-01,-2.476879523979703124e-01,4.930845593716966846e+01,6.729753964009792355e+01,1.204567263661659240e+02
-4.009682081513137319e-01,-1.843730891440232833e-01,-1.123276326561769567e-01,4.937846853468846575e+01,8.892834427120911300e+01,9.899105291037918164e+01
1.932729513016255840e-01,-4.421847507757996065e-01,1.166972177495062546e-02,5.043708097668071844e+01,8.360945782001563487e+01,1.230676410072803719e+02
1.506552014510763593e-01,4.205983655128368026e-01,2.543708928535857172e-01,4.949274833654418160e+01,8.629580460281131593e+01,1.211333408028033602e+02
1.974842881627236757e-02,4.438803378895193053e-01,3.683226084799596789e-01,5.609281478378036212e+01,9.678834087942595943e+01,1.189912986690432746e+02
-3.995282996673560905e-01,-5.126398512850399714e-02,-2.477152987393244632e-01,5.602989612529123065e+01,9.868459190453563679e+01,1.094423489919072239e+02
-7.019104133168668769e-02,1.980736729423371312e-02,6.630461325707792675e-02,5.152991963433650113e+01,8.417744494599880056e+01,1.076341089578045853e+02
4.771275590478049056e-01,-3.389188063159451758e-01,-2.635856472366192582e-01,5.883117461964896222e+01,6.702577794026500158e+01,1.097227116442737724e+02
9.052517349386046686e-02,4.667293007744574007e-01,5.121758813542921507e-01,5.643696403410875462e+01,8.088051666142781926e+01,1.093109073976829677e+02
-1.333057964566482512e-01,2.147050253263895758e-01,-1.859159780287328867e-01,4.933882894501059013e+01,9.150890186431709594e+01,1.079871017882396700e+02
1.276510497748751805e-01,-3.405011068642910255e-02,-1.950363837960089608e-02,5.506589557122723733e+01,8.969419328389672330e+01,1.017178866340702115e+02
1.965223799319211206e-01,4.510117417422856434e-01,8.423478785324323148e-02,5.366570136083694820e+01,9.012759943796596929e+01,9.039507953276397245e+01
5.188491823944986203e-01,-4.425078967393169527e-01,-3.161303619429566281e-01,4.828642910259062404e+01,8.181602161577623633e+01,9.752845204482503050e+01
1.835796250515694394e-01,2.955308726046997903e-01,9.165259424620320061e-02,5.554268520775858065e+01,7.868211975043060136e+01,8.632646659204250739e+01
-6.796619983027840650e-02,4.665097752741231840e-02,-3.778049363832708396e-02,5.004054535614019983e+01,8.924712350510276337e+01,9.334010659578582647e+01
4.850736589876901705e-01,3.268544006273190750e-01,3.202044209268339880e-01,5.981117277309953550e+01,9.062398292029914160e+01,1.198257824646644423e+02
5.028692748187885142e-01,-7.856140361972302477e-02,-2.493415334868409605e-01,6.017176977376107772e+01,7.396915701003862864e+01,1.089976008739422895e+02
1.636445553115924989e-01,-3.751603616675147634e-03,-1.516709756672999232e-01,4.756795856876325956e+01,7.331600589643517196e+01,1.003661898112803499e+02
-4.844204383865982066e-01,1.314004186489364789e-01,-3.627704070260052704e-01,4.629350475816002586e+01,7.420678256599954636e+01,8.748947653706616734e+01
-1.317541616454557252e-01,-9.155180730166301295e-03,-3.699296211285738600e-01,6.506925497633930888e+01,7.379683005018490860e+01,1.204931798024557281e+02
-5.218596865879943092e-01,2.665883669424635727e-01,7.529475340452118637e-03,4.980874145006350773e+01,7.020508014539578312e+01,8.982571933266999054e+01
-4.418038576366404846e-01,2.476865343785568108e-01,-3.933165211804662276e-01,5.742053918578806559e+01,8.756204158374444546e+01,1.132449968363929997e+02
-4.625442872734610855e-01,-1.868902142890845330e-01,4.252740577575582215e-01,6.058999232408261548e+01,9.209222852427211592e+01,1.208686924266697531e+02
8.295853860280344438e-02,4.713028761795707844e-01,5.182959012409349420e-02,4.487882224358778416e+01,9.089391526814443978e+01,1.072891012948242349e+02
-1.736986154038600572e-01,-3.906724855263363771e-01,-1.548590775772945016e-01,4.722159584025354917e+01,9.133929339591576024e+01,9.816628993677346671e+01
5.146387816065056686e-02,-3.604897239736338799e-01,-4.822097388914614036e-01,5.253717804064945085e+01,7.666584055326183034e+01,9.338885223524779633e+01
2.919072640268181029e-01,1.385262378706334507e-01,1.115960052566499217e-01,4.661853129960771014e+01,6.800738562754492023e+01,1.133967391535044413e+02
-3.384827501861276677e-01,-1.647098881436434570e-01,-3.664776966742028796e-01,4.462243072403852295e+01,9.412191343524587239e+01,1.044226223622649172e+02
-4.792493816917226535e-01,3.086620629887109057e-01,3.550589555864014368e-02,4.401814157036307762e+01,9.733690041572619123e+01,1.038666741257232644e+02
-5.638501636617948565e-02,3.074942549253545376e-01,5.652890276625066601e-02,6.027628406884709733e+01,6.904450215086728804e+01,1.146523946846797628e+02
-3.503004011056478073e-01,3.091664982220541091e-01,-9.754033689818908393e-02,6.068258995620001883e+01,9.096502363229625132e+01,9.942281959972346783e+01
1.094085929793431333e-03,3.083546812679119897e-01,-5.625300349456957560e-02,5.247911309171126959e+01,7.858653753729578284e+01,1.211091590625564152e+02
-4.240147409227030817e-01,-3.068444232883745793e-01,-1.941697268523810416e-01,5.759129060054819149e+01,7.730870995246843336e+01,8.709522494981028728e+01
-3.530401390578535858e-01,3.732312924455739589e-01,-2.564328605248703541e-01,6.114586598528772043e+01,7.551676121266760333e+01,1.031322980599764350e+02
3.521151257912389365e-01,-4.602351345463495669e-03,7.457427959670670514e-02,5.513121720906045908e+01,8.554283593960327892e+01,9.142014798528960284e+01
7.009709534096097983e-02,2.576817849941429595e-01,-7.477732114573548694e-02,6.149711617561052890e+01,8.472289844746393328e+01,1.167375584328940477e+02
-4.397713617889720261e-01,3.897552386298386295e-02,3.513664018144444512e-01,6.164195033679646230e+01,8.878346758970542396e+01,1.196968155492323547e+02
-3.341328284359352807e-01,3.813231958311151804e-01,-2.778178566058561172e-01,4.996024865449887642e+01,8.045488378193414292e+01,1.074596908042520766e+02
-2.078560541864722944e-01,4.437848508507520329e-01,-1.923058321823037931e-01,6.262516075833197249e+01,9.081436677296751725e+01,9.825049122496035636e+01
4.469072512586991230e-01,3.944906244048272947e-01,-6.182378741018779156e-02,4.943964461274894973e+01,7.680789858433392681e+01,1.056606676002682406e+02
-3.290649340660394273e-01,5.684773243798835196e-02,-1.117340061073746060e-01,6.492815884734558551e+01,9.425443708389775566e+01,1.160902117459164344e+02
-1.964891936675196016e-01,-9.051145067705573810e-02,4.618940052964841669e-01,6.082586401344482852e+01,7.182318466848711580e+01,1.047258033488681548e+02
2.097171244068921636e-01,-3.356351169782735289e-01,-3.620338644743491541e-01,4.784951242472474320e+01,9.292250072577799358e+01,1.256579289311652303e+02
-2.218429220628733156e-01,-4.613044572151193679e-01,-4.972042166897420734e-01,5.231575081033913932e+01,9.602792670627621874e+01,1.232717322506337325e+02
3.228001866984833157e-01,1.941794551049006445e-01,3.654493495931984137e-01,5.625254186669590695e+01,7.712055842260443228e+01,9.829446748490828156e+01
-1.449990793781087417e-01,-2.740112512945510614e-01,-5.732704390709247866e-02,6.049404571586745760e+01,9.620414778237940823e+01,9.954981169158109822e+01
5.861104797326532889e-02,-4.721628993427099408e-01,-4.511974611695512283e-01,5.638525004936754925e+01,8.345611681812761162e+01,9.033125498359592598e+01
-4.860643340850499539e-01,3.245691802211385646e-01,-1.381324035986974952e-01,5.849808945134708438e+01,8.641182780460556501e+01,9.032174799862369241e+01
-3.671745248375136716e-01,-2.499260411054216036e-02,1.723474687936507044e-01,4.651779701736486317e+01,8.430574429393634261e+01,1.120815673611409125e+02
4.101634740815236491e-01,1.384421343823517558e-01,2.451974799024653207e-01,5.563886665675558874e+01,9.101469574396013229e+01,9.372786466356282631e+01
-1.687499837787538870e-01,-3.245780535746173312e-02,-4.766002118042283464e-01,5.326320808590566713e+01,7.041921624056743667e+01,1.014851665267356111e+02
-2.970316213708210640e-01,3.004319521138779647e-01,2.802939779928745878e-01,5.694190820131191799e+01,7.263353290635947701e+01,9.794824988932219867e+01
1.400833787822567400e-01,1.372514108219381468e-01,-3.251639741547307505e-01,5.493355033012281297e+01,9.519213008745924753e+01,1.150158308908964955e+02
5.156144849483160764e-01,-1.065601410157679396e-02,4.634565450461701763e-01,5.282873937840831502e+01,6.858254725355782000e+01,8.956018223268272038e+01
3.093636795184229182e-02,1.898877797604149320e-01,2.318646929721546179e-02,6.439246797631267327e+01,7.929777047842668480e+01,1.249172749790832881e+02
-3.296794190307328343e-01,-3.004672260742878298e-01,3.525293652699279523e-01,4.910577013473533015e+01,8.644935295047868351e+01,1.041969748949065746e+02
-4.168954635772665340e-01,7.452628726989363184e-02,-2.862005024536438680e-01,6.130930766449519354e+01,9.199937841711771114e+01,9.328684991991399045e+01
-2.160414192889981155e-02,1.394334974857693865e-01,-3.747878924310357185e-01,6.118021780267715570e+01,7.372944731496502868e+01,9.829262703399419365e+01
-4.133518281803792993e-01,-5.230555479782744710e-01,-2.630891532095458452e-02,4.425979993993809813e+01,8.043869977345964628e+01,1.255564760813892917e+02
2.456946329335729651e-01,-1.909716435605635088e-02,-1.373102386006533338e-01,6.591234661225558966e+01,7.046430364086926090e+01,1.089990589176992728e+02
1.197781842020005927e-01,-4.197618388031474357e-01,3.332586384028646265e-02,5.953416881264072913e+01,7.469713886834068717e+01,1.187150101825609596e+02
6.510504012608131497e-02,-5.190897778631038406e-01,-3.708835473825289331e-01,5.764069393965674948e+01,9.684698598451070950e+01,1.077826795700242002e+02
-2.856349426082355203e-01,4.743795825288125156e-01,4.795985267536817531e-02,4.898074588904935212e+01,8.891958211245058408e+01,1.000555609433825737e+02
2.066833167154648043e-01,-1.938222308625003887e-02,2.026751058086523338e-01,6.187053282234629137e+01,7.326159457572805422e+01,1.033366146579069778e+02
-3.271511312513101233e-01,4.081761028672666880e-01,-4.289236572141378323e-01,5.687325207610867039e+01,7.534345752078786518e+01,8.927743888717486698e+01
3.315100338428540461e-01,-4.682993083263128353e-01,5.006083343491237736e-01,4.745456094135224134e+01,9.254163157393068673e+01,1.064308899050443813e+02
5.026832869369598500e-01,2.142298501678296940e-02,4.291390186154728781e-01,4.554513415950746946e+01,7.567024325628301540e+01,1.200642710603222838e+02
1.409832820801641962e-01,1.405699705362192242e-01,3.773533344104401666e-01,4.409599967332373893e+01,7.115596091210119312e+01,1.180990230297329759e+02
3.659278251131840021e-01,-3.892503894504217299e-01,3.421977996888231344e-01,5.300905141101655005e+01,7.146589167340739834e+01,1.201078227166526489e+02
1.948796578250139300e-01,-1.877462404695842690e-01,-4.619727314122746842e-01,6.522078649759885138e+01,7.667792342922800231e+01,9.528603624458784793e+01
1.705510047835852028e-01,3.482238528735759342e-01,-5.091711628724038263e-01,4.754300502203867751e+01,8.376537837798943542e+01,9.522797400721803740e+01
-1.979606438928759315e-01,-5.647233447705590770e-02,-2.096184979613946453e-03,5.463725610208098260e+01,9.598438649299539804e+01,9.675074024866691502e+01
-4.339519374062972279e-02,-3.803870263449865563e-02,3.075332529748088239e-01,4.525209044682591752e+01,9.746286820556319697e+01,1.043969877725809994e+02
1.109245866427650551e-01,-1.772737203604066725e-01,4.171777265183174155e-01,4.818922910265968795e+01,9.228339939335690190e+01,1.082779523036569742e+02
3.650116902876288094e-01,-3.435223161469433961e-01,-1.271078675570862515e-01,5.091140753772353378e+01,7.284265998987304158e+01,1.012737916100747100e+02
-5.123648120496642200e-01,-3.080647923672866773e-01,-7.498704592248467415e-02,4.761357451959386822e+01,8.280691033641912213e+01,1.098294860438850975e+02
-5.195572434067802225e-02,-2.149122174472883340e-01,-4.327947222665168292e-01,5.814168281533879679e+01,7.345068840713044267e+01,9.749882856598402725e+01
-7.761609764946136858e-02,4.115811212027186139e-01,-1.714410774726513598e-01,6.325647864031866874e+01,7.534909269316524671e+01,8.865378459137085088e+01
4.929138184994191763e-01,1.222667848168295102e-01,3.001010373032553247e-02,5.181619387016109357e+01,8.088020381634942169e+01,1.164819301018163316e+02
2.763799277184034731e-01,2.662725077820100594e-01,-4.210956442542073686e-01,5.758163619836508929e+01,9.863957185639451097e+01,1.113087307396744734e+02
-1.195475975244575384e-02,-4.064751724311862491e-01,-4.098029898761167411e-01,4.416462591434886775e+01,8.671581916109904853e+01,1.080497494115375048e+02
2.953151242217976202e-01,6.034281887822734447e-03,-2.646612917059789072e-01,4.504200301258433825e+01,9.078567829593474414e+01,1.066511319477093167e+02
9.445238396192712216e-02,2.722366840036152258e-01,2.628557513475264784e-01,5.615132050529538787e+01,8.289738380429399456e+01,1.186596901181674752e+02
-3.388704401797848487e-02,-3.628209162427157297e-01,8.658487145135695950e-02,5.989451210968434935e+01,7.396913900051920621e+01,9.193572151941192772e+01
-1.174519021709874989e-01,-4.867625731938393097e-01,3.421847431052098543e-01,5.540269406859363954e+01,8.010516329800061897e+01,8.594980988066012628e+01
-3.797055277477189850e-01,3.772863089889660904e-01,4.141714247276230276e-01,5.235382518259664408e+01,6.841036206713803836e+01,1.209150193838042924e+02
3.573076856075056984e-01,3.170082765547282966e-01,-2.157640902974894415e-01,6.207609617026490412e+01,9.346653703917860412e+01,1.202048293024866155e+02
1.055998282617546247e-01,-1.190229476684577792e-01,-4.395325622545664945e-01,5.930214466907811044e+01,7.871315300938472603e+01,1.104396959989443729e+02
-3.729096633033228692e-01,3.551820421504668923e-01,1.579117250861095112e-01,6.593551824367736458e+01,7.188082626385536855e+01,9.969082227184043177e+01
2.982035867271872753e-01,-7.877342012673210769e-02,-5.002789211669453895e-01,4.588949660762660443e+01,6.731808352785348859e+01,8.608046756680877820e+01
-1.245942806761372035e-01,-3.016404259099273455e-01,-5.014442522427385862e-01,6.574584310430245182e+01,8.390395434456837620e+01,9.251431369163269380e+01
-3.498615098312953253e-01,4.567634147020591673e-01,7.094302547532438386e-02,5.181449511911216632e+01,8.940604236769419799e+01,1.217739463405297897e+02
2.198116849776445836e-01,1.122715474736765140e-01,-3.173432248818054413e-01,5.806887758079160733e+01,7.457334210566810384e+01,1.176282164382956665e+02
-5.050960714025617415e-01,-1.029796960540558248e-01,-4.128574906098976816e-01,6.429257062790387067e+01,8.631205092701898707e+01,8.643935759157444920e+01
7.459465847027169083e-02,-3.399763381928856409e-01,1.830634862373639038e-01,4.545976168295278086e+01,9.815658728647541409e+01,1.250796955396494639e+02
2.848507528016573920e-01,5.007745088680114476e-01,1.242611022432015266e-01,5.606475019276379612e+01,8.331876919110372626e+01,1.258701958336216933e+02
2.179126324333272580e-01,2.323064638814748006e-01,4.719351183972483321e-01,6.279245514728982869e+01,9.168398562678501662e+01,9.486023949889917617e+01
-4.815524330352498050e-01,4.854597488629729396e-01,2.602437411673774736e-01,5.987011530530448056e+01,7.009265390522655537e+01,1.105031820787879013e+02
2.075437953310269590e-01,-9.231733343873693709e-02,8.964404937997283440e-02,5.636270031922590817e+01,6.832026757262703143e+01,1.103307246595969389e+02
5.658651719020035831e-02,-3.784001266802640151e-01,4.923939353639293914e-01,5.105841171067597628e+01,9.079330077190371640e+01,9.517473394498711059e+01
-2.289342529266961690e-01,1.132326459297782195e-01,3.125343758626196733e-01,5.180395706632410935e+01,9.498438611949731580e+01,1.008972882475034254e+02
8.481187386190469635e-02,-3.387427258135300434e-02,-1.661080524605717534e-01,4.562166552045633949e+01,9.801450487086192709e+01,1.212155509390697574e+02
-4.768423589612749702e-01,-1.592779351665987164e-01,-7.723688981639836859e-02,4.482082643286440771e+01,8.516875449840060242e+01,1.185205352042727753e+02
4.739864325814746593e-03,-1.383302514434114894e-01,-3.283139259908848251e-01,5.962002070689599975e+01,9.744665009065846561e+01,9.978573720833486504e+01
-4.913264147055708131e-01,5.698488004078061664e-02,2.988882865545372525e-02,6.250464141909507276e+01,7.853994701895841501e+01,1.072580079591394906e+02
-1.396873726487274925e-01,2.323802360995980143e-01,-1.397159835870486755e-01,6.493392824930621998e+01,8.370405415542357730e+01,9.560233792342428671e+01
2.584374766654601308e-01,-2.030764138911733685e-02,5.103125822863191496e-01,4.638277866615786849e+01,7.751713944332986728e+01,1.199761574402660074e+02
-3.407146548969021138e-01,2.490210184351292488e-01,-5.419000759150927049e-02,5.831786983096876753e+01,7.272174851964594211e+01,1.006880231366747154e+02
5.222828358094545598e-01,-5.070472366460886393e-01,9.786717980018178054e-02,5.824303810327353403e+01,9.291159094554006970e+01,1.176048688352311160e+02
-7.026720857651991281e-03,-1.274336560152385389e-01,-3.663834714082461197e-01,4.494545276423177427e+01,7.284330488289958794e+01,8.633041143402121520e+01
-3.415790697525361574e-02,-4.062195975908039491e-02,4.632846480856501747e-01,5.107485026312792797e+01,8.862454367045104675e+01,1.141071190952769996e+02
-3.547153635171922392e-01,-1.650344837214972604e-01,3.670646060497247953e-01,6.456907197104871443e+01,8.629947446961790547e+01,1.118570205575251464e+02
-1.909715171199991568e-01,-2.652289037757469270e-01,1.597680524432828486e-01,6.283117519390100369e+01,8.312470436299065568e+01,1.202318932816298229e+02
2.298210700501878145e-01,3.623382708971486510e-01,2.354276257247261972e-01,5.712797970950243354e+01,9.245945994964438341e+01,1.108838850886017156e+02
-6.292799371837465294e-03,-2.068421659054020534e-01,-4.754661734442655052e-01,6.025964183836107679e+01,9.237870097688558246e+01,1.133197595467716638e+02
-2.072701684819579504e-01,4.433279079089756936e-01,-1.285101576222904551e-01,5.109145300177696924e+01,6.682327471731947810e+01,8.852294313642617851e+01
-4.171282078520291980e-01,1.607865294775356890e-01,-3.507141762929677498e-02,5.742896102753640974e+01,7.440748999521871099e+01,1.127511598239071304e+02
-5.049201390963745650e-01,-4.697527628616829931e-01,1.061573089740770470e-01,4.938179692069863336e+01,9.223590444077311190e+01,9.666592127222517661e+01
2.868861031833009889e-01,-3.307401594494507879e-02,1.155429489514008257e-01,5.915254868071824035e+01,7.546557330444503009e+01,8.479176631959404631e+01
-1.680985027050154734e-01,2.775329081097814843e-01,4.698214825548392426e-01,6.168542028679522105e+01,8.332242915824240015e+01,1.075988690655064346e+02
2.737715399693425589e-01,4.823255392500168659e-01,3.060653049710249096e-01,5.102182737888125530e+01,9.260563912785838170e+01,1.024421509923679139e+02
-3.162443595163244581e-02,8.231946312336202443e-02,4.470999470057234193e-01,6.158036386567867027e+01,7.703102258657459345e+01,1.229888995900791997e+02
-4.783811849299252072e-02,-1.271373355650549097e-01,3.308109792529809745e-01,4.504441694352807701e+01,6.646617697202519537e+01,1.041981407116221874e+02
-3.046741074511372105e-01,4.981895997568573931e-01,1.987181430011878414e-01,4.691601891404477698e+01,6.667215963158446357e+01,9.232319164414229817e+01
-1.781689218086651150e-01,4.686581840435279922e-01,-1.547627148360533611e-01,5.423467437439860817e+01,9.774224134516349238e+01,1.217461284029086954e+02
3.927042571947035876e-01,-2.940643648531741094e-01,-2.079727668958250564e-01,5.975488070184243838e+01,6.665933749958381327e+01,9.557794821906098548e+01
2.537547632414861587e-01,-3.226194053458032451e-01,5.471933966662800852e-02,4.564519375300168491e+01,8.067958005630143248e+01,1.026081839730505720e+02
2.707210185799278079e-01,1.864996644360139566e-01,1.675372031902466752e-01,5.021575682830764009e+01,9.009877015524153876e+01,9.498232273131259262e+01
1.402984088737230239e-01,1.598931748552882004e-01,3.187792873588002340e-02,5.203406346646347913e+01,9.687502395350146855e+01,1.145007852137365489e+02
8.863357984143316326e-02,4.016315055137381629e-01,2.857750669393173126e-01,6.536774895791509721e+01,7.097154099528613358e+01,1.108046830203332291e+02
-2.358026554401119745e-01,5.223731746800942544e-01,3.905912985963055917e-01,5.099741123639094553e+01,9.765262778921260178e+01,1.257505439969709187e+02
7.198561206819575897e-02,1.849510184291636161e-02,-2.231657426577673409e-01,5.936542820073447757e+01,7.976274515207288118e+01,1.144125040303365921e+02
5.075238047929694352e-01,-4.001929311462579797e-01,-5.195208350439756151e-01,5.939958248008974806e+01,9.378664469870059861e+01,1.002204086702571431e+02
1.892438099300950416e-01,4.375824285479668063e-03,-1.153074785575605721e-01,5.512594338799074478e+01,9.896832057768324376e+01,9.913208165785106019e+01
-2.127104584193698633e-01,1.849899423771372842e-01,-4.102402255674291176e-01,5.117557812407845574e+01,8.779521779524507963e+01,1.084476476626724377e+02
4.447465459017797551e-01,-2.007129994662792405e-01,3.436879874348146569e-01,6.477120422653024434e+01,9.821462852381694120e+01,1.065404288506445027e+02
-2.776183429391310131e-02,-5.028994024395706530e-01,3.397271618682690120e-01,4.860740019210743412e+01,6.897452040726280131e+01,9.546347209454580707e+01
4.215535307908502283e-01,-1.274250775295909244e-01,-4.222793773633857772e-01,4.519640343166999230e+01,9.305137182931787265e+01,1.230671055236877294e+02
-2.324547063874071728e-01,1.444470207951179530e-01,5.144301716267202229e-01,6.525853151972921751e+01,8.313164587731765209e+01,1.073358100789947827e+02
3.983333188171460648e-01,-1.708434277915504840e-01,-3.167960544817944313e-01,5.740744610693327843e+01,8.364565167494943410e+01,8.568131303756908324e+01
4.385597170978967618e-01,3.356330395526844201e-01,3.520675559158883416e-01,5.951528129342043627e+01,7.656345727425605219e+01,9.671185954002004337e+01
4.171684728756436256e-01,-6.626586233538511728e-03,2.630611912250002682e-03,5.386608176991487795e+01,7.073029332940895131e+01,1.106840382079985403e+02
-4.026578637403999128e-01,3.342653319389057298e-01,-2.525467301208830229e-01,5.662459664454114261e+01,8.646371675526222589e+01,9.493813866264686396e+01
5.807936704144189832e-02,-3.692146781253697885e-01,1.378410870293821366e-01,5.514241283096434643e+01,8.436976022268581232e+01,1.225319961260626656e+02
1.461503158764881904e-01,-1.445962459546090706e-02,5.160672860638074733e-01,4.643650700472083770e+01,9.508069611716639713e+01,1.134684887501197750e+02
-4.695027314009032060e-01,3.001788769745059593e-01,-3.245838908287806412e-01,5.399193825744992381e+01,9.577820736868368101e+01,1.223666289856696920e+02
-2.316686446812676881e-02,2.700830542053854755e-01,2.007188146548744001e-02,5.044458994308441646e+01,8.287309646261893192e+01,1.057352202645290618e+02
-3.562026450238564568e-02,-3.958731749559962765e-01,1.072437662547878201e-01,5.752133682355337641e+01,6.827498540717429876e+01,8.764332226809617055e+01
-1.178323659362730536e-01,2.201682599898807657e-01,-1.819627616337098353e-01,4.853800387491760659e+01,7.755142633830830334e+01,1.251605310876882839e+02
-4.240634886656562408e-01,4.499458332578749609e-01,-4.259257119447736328e-01,4.947084256479580944e+01,7.574581001053218188e+01,1.165678270122523230e+02
-2.402952479640465544e-01,-1.248967792704060442e-01,-2.540791196211457104e-01,6.520830145191553129e+01,7.078442359550570018e+01,9.427053618157584935e+01
-9.235141313781436434e-02,-7.432367191344191326e-02,1.554016925482033518e-01,5.515915190633805310e+01,8.087288364762375181e+01,1.223881976289406452e+02
-1.238878128792753053e-03,-8.192638754577963311e-02,3.640754739206477630e-01,5.862208420037681833e+01,8.994975774573515537e+01,9.623916029250224824e+01
3.399875452071063897e-01,1.594437926420990692e-01,-2.452438089316456571e-01,6.533546157051583236e+01,6.693124456185184101e+01,1.051577661862198028e+02
-3.358694422883573560e-01,-9.426622261530076541e-02,2.657480342886466840e-01,4.594565292404240608e+01,8.755197218803803594e+01,1.132577640036362254e+02
2.305122808721327132e-02,1.276136200850701563e-01,3.882310806853210838e-01,5.364295880711873110e+01,9.142845699190829123e+01,9.284020660167425376e+01
-2.509624184762478949e-01,-2.450118972461969857e-01,4.535326329863598183e-02,5.922135251267287970e+01,7.203580507156051738e+01,1.041307966741470068e+02
-2.385080787001112035e-01,-1.893788759962377610e-01,-4.484129839359453085e-01,6.008265720926503661e+01,8.811307474690282504e+01,9.636478399364389702e+01
4.058634947792788550e-01,2.316934310817686526e-02,1.029616184786141808e-03,5.251437654373204111e+01,8.760080888720639791e+01,1.137809681281647158e+02
-4.036631630530611581e-01,3.114958878502327444e-02,-2.483205602807870283e-01,5.555205113358699975e+01,6.789059464183543469e+01,1.135569380250382778e+02
4.157340755079690364e-01,-4.629185526947259821e-01,-1.024807683163831973e-01,5.936993851110695175e+01,6.815414873779577931e+01,1.126276556301710343e+02
-3.729364397049972357e-01,-3.476686983686018140e-01,-4.286161082596771088e-01,5.702793235712472608e+01,7.734243254090330311e+01,1.053076071429089211e+02
-1.825002633088546045e-02,-4.112215320269626551e-01,-2.037002263851724337e-01,5.811652891799165843e+01,9.885710342063804035e+01,1.111460735771876216e+02
4.278646987752205977e-01,-4.586064424097947012e-01,8.558462628828100716e-02,6.596102658459278700e+01,9.515039393319793248e+01,1.143723286721861996e+02
-3.214461990810421055e-01,6.743185718711708354e-02,-2.570353566618366892e-01,4.540059896501499992e+01,9.651345724872925302e+01,1.255229224883850918e+02
2.115361893951525074e-01,4.564462922560195146e-01,4.943507334844076118e-01,4.829064828818620470e+01,6.933138957683775061e+01,8.428887646344199425e+01
1.613756658434193358e-01,-3.156424494406638859e-01,4.969899185779392825e-01,6.461194388049891302e+01,7.777086238862889900e+01,1.097102947797995967e+02
2.022090582280449134e-01,-4.253634520143279030e-01,1.195887074204384781e-01,5.492429397495955357e+01,9.633432927917866095e+01,1.259613009106568313e+02
2.358114221653475617e-01,4.823667183272980497e-01,4.633897536544844264e-01,5.262493416096083365e+01,7.118137369700913553e+01,9.501622875019022274e+01
4.742751374554573518e-01,-1.046554088778134384e-01,1.029433526230827400e-02,4.479689128299668255e+01,8.681133535636055854e+01,9.753728884398755383e+01
2.603417091831533581e-01,-1.737182750118972385e-01,-2.981960495947160172e-01,4.402177986638049134e+01,9.774048923734812888e+01,1.224572580717201333e+02
3.744486737012591160e-01,-4.957666051768562787e-01,1.115601546710297542e-01,4.585857970489558255e+01,7.835413850970982708e+01,1.182205646377640562e+02
4.805382698084815773e-01,-1.880796085809603446e-01,-6.874930649268595761e-02,6.433416844093933662e+01,7.212670395537321610e+01,1.018492314932938001e+02
3.121669048069433128e-01,-4.460457509269119547e-01,-4.501751140580891875e-01,5.462397231216356630e+01,8.773140693407520985e+01,1.177363147474770670e+02
-5.009666584713515780e-01,-2.652756886388243918e-01,4.450196607691642159e-01,5.228232755694004652e+01,7.260893739297472393e+01,1.034755924552791555e+02
-4.800205146350555729e-01,1.675471249305050536e-01,-2.885910023397688651e-01,6.557666429398375385e+01,9.305098344777618991e+01,9.665136090607023789e+01
-6.452175913069357893e-02,-7.334880582325542520e-02,3.394524342457161392e-02,5.513146108604491502e+01,9.701942559226475282e+01,9.913388716864422179e+01
-3.142553955022517886e-01,3.230645735164883181e-02,-2.820321604427930562e-01,4.895654145321133655e+01,7.581187436151556369e+01,8.696055922499060387e+01
7.584905692815824274e-02,1.252126324065571117e-01,3.133455108232540143e-01,6.122243941122725630e+01,8.959225734574228284e+01,9.415509445749546558e+01
1.159982122698508533e-01,4.661581967681917016e-01,-4.372803868887366607e-01,4.507189338856000660e+01,7.616818974719686253e+01,1.161653087950610370e+02
4.584907914988894939e-01,1.628577947604775700e-01,-9.013195911829441354e-02,5.364124385592661781e+01,9.426436802975253215e+01,1.092996870412508628e+02
-1.004949510153594350e-01,-4.222194243151556892e-01,1.350340478045171100e-01,6.570500366868000697e+01,7.896430867383850227e+01,1.103195176441408734e+02
-6.040850487314036732e-02,-1.161376521137276185e-01,1.706140866795121669e-01,4.773869300994348208e+01,7.195167281393794667e+01,1.172806171677022178e+02
-3.146388892730636044e-01,-3.125518428869286103e-01,-8.360526323632494483e-02,5.617036989383132095e+01,9.813091441472016641e+01,1.191207397060527882e+02
4.359986265059331290e-01,-5.224809288404899110e-01,-2.367649065764058647e-01,5.265150295681466730e+01,7.318863063215877673e+01,1.140111881273434449e+02
1.378786363403977644e-01,5.539492211887953044e-02,1.253698513891111643e-01,5.624269399123747348e+01,9.782132740723557163e+01,1.047325932984008574e+02
-5.062364476518524947e-01,-1.227491848955264420e-01,3.343276467549481934e-01,5.955987827229749598e+01,6.772530635710366198e+01,9.453834301600771539e+01
3.294886071453567711e-01,2.846799665239747590e-01,-3.985126659995000820e-01,5.524580517501591004e+01,7.453346574462014473e+01,1.244331417912449069e+02
-4.700048551882224368e-02,-3.188760238794398072e-01,3.446197113985637328e-01,6.433437470701139205e+01,9.372188128122274975e+01,9.995073322229498558e+01
3.527972732274440304e-01,1.769215747763800417e-01,-6.005048050003242155e-02,5.822139483728220455e+01,7.103139479628674735e+01,8.911099206971175590e+01
9.903096845303072104e-02,-2.930499711070034818e-01,4.812880801678126597e-01,6.310126082492446642e+01,7.195027771784084791e+01,1.106356950465977036e+02
-2.859798609285989501e-01,4.148180746889225112e-01,2.819501718133483603e-01,5.954731026889096768e+01,9.255001820849224714e+01,9.728089221770684958e+01
-4.765684849479294716e-01,-1.861753110137562284e-01,-2.936555643515212366e-01,4.876947120609178654e+01,8.221301657909668847e+01,8.997588509937688173e+01
3.850953318738377096e-01,-1.868769245577895366e-01,-4.792540287161631829e-01,5.320210102302407051e+01,8.277535736894789409e+01,8.553014178701417336e+01
-1.747833858700736931e-01,-2.205086946523056590e-01,4.921115171589655057e-01,5.893963262263105918e+01,9.127910241781363254e+01,1.089655763962463340e+02
3.841135679232793310e-01,2.477387637898003092e-01,5.851468155311789765e-02,4.536148049456268438e+01,7.227200925806832288e+01,9.091765790061630526e+01
-1.409753436761900791e-01,3.905125503723400060e-01,4.651061395978006718e-01,6.499390208873353458e+01,8.910033508422499438e+01,1.085949592508738277e+02
-2.705551020929100603e-01,-2.033655249079116545e-01,-5.070496622455208380e-01,5.366266794315249911e+01,7.537219193908215686e+01,1.241662774830835474e+02
-4.098985253619066293e-01,-2.266965231022038951e-01,4.250598095712430080e-01,6.067679664767238989e+01,8.133188537737019885e+01,1.015027546635498794e+02
-1.323509647110088783e-01,5.135335916829742997e-01,-1.582727550664630445e-01,5.607552695814447929e+01,9.402992120637848927e+01,1.179945722539317217e+02
-3.753199078295716418e-01,-3.192651481473096076e-01,2.343055199806646227e-01,4.652636283750287305e+01,8.165572948145725718e+01,9.432295641295478106e+01
-4.567695012819202871e-01,-3.793017222039808400e-01,-2.873930704464183750e-02,6.579919451604850167e+01,7.127136943154940241e+01,9.653877444758985860e+01
-3.722533989290999212e-01,-1.399731490654848032e-01,2.213873512217121586e-01,4.883985566519974952e+01,7.421438307549482261e+01,9.789867275220760234e+01
-1.797397258094247108e-01,4.131314743300096293e-01,-2.310591003540402033e-01,5.443333679135850645e+01,7.741802861885447840e+01,1.119259545197420493e+02
2.576255518303305347e-01,-4.528935884855218030e-01,-2.115495844530823621e-02,5.140038393724754684e+01,7.325637141025703158e+01,1.068854494623168705e+02
2.126161480908387302e-01,3.730421404410108055e-01,-2.538224412562475885e-01,6.063847287747591253e+01,6.987682963504796874e+01,1.129539790541462168e+02
4.230398409563143058e-01,-4.489288420107146460e-01,3.202507730407563313e-01,6.186819214072622231e+01,7.099315810868196763e+01,1.239769628452936843e+02
4.574296615694444235e-01,-2.720344074819850966e-01,-4.310241132563828459e-01,4.722403018322309265e+01,7.331143047973570503e+01,1.038082001866351192e+02
3.734456050232634050e-01,-3.379981927049590662e-01,-3.112371102199379957e-01,5.629083452245123453e+01,9.346808982934503263e+01,1.027974026930594249e+02
-1.026510959276716317e-02,-6.509216021047781187e-02,6.920307222127997093e-04,5.079246674706610776e+01,6.834588409918768548e+01,1.070846200491163671e+02
4.092369394740099642e-01,-2.678678968062974119e-01,3.765315384217431394e-01,4.756112593383230092e+01,6.880416685314936842e+01,1.236528348508541910e+02
-3.826960324399569791e-01,5.331153769758445460e-02,-3.866757968161034231e-01,5.707011171292613483e+01,9.273961425997470087e+01,9.968195091740130920e+01
1.408902359948633887e-01,1.113164694810838684e-01,3.306323483868122137e-01,4.845891133308978738e+01,9.558802810086531565e+01,9.723912713582828360e+01
-2.779941403866453276e-01,-3.389196478337128671e-01,4.129912429803106466e-02,4.627722590282128579e+01,8.279017357952488965e+01,1.230358670119398710e+02
-4.067311432550700934e-01,1.489663843761962481e-01,1.994864747491399415e-01,6.566136228522046281e+01,6.823146025176673390e+01,1.010496646944947372e+02
2.904330439897614413e-01,-2.185192852404305719e-01,-3.939099751360305990e-01,4.427424451643340575e+01,7.199707573779356551e+01,1.101504463113933383e+02
-8.453775770422572444e-02,3.276969621623859741e-02,3.381776597901365866e-01,4.739778215667848826e+01,7.578078713016941492e+01,1.188359995268545646e+02
2.541470615681266088e-01,4.554848065546890368e-02,2.765397964724373159e-01,4.428585367077951673e+01,9.455105400799989468e+01,1.098575684406485919e+02
-3.175708456991592765e-01,-2.656193112711116022e-01,-2.248207545741828239e-01,6.413304488239218415e+01,9.452686260364991711e+01,1.020170440273855945e+02
3.191484888626553440e-01,-2.667641796394012998e-01,1.326162786582555375e-01,6.122074965723425066e+01,9.094396511725406640e+01,1.005800655038879512e+02
-3.906989600128917273e-01,-2.080568349283251073e-01,-2.396638450962904621e-01,6.421601390182198088e+01,7.448166051639910279e+01,9.849117544738982133e+01
1.669469926546692795e-01,-3.115178059576528824e-01,-4.417538572993414681e-01,5.349698378589454251e+01,7.517884260050904288e+01,8.850936568683427197e+01
-3.803198682940853170e-01,-9.700988057859560865e-02,-5.628684621674573396e-02,6.363953373163298721e+01,9.894244639010476305e+01,1.183273754510276632e+02
1.576778885950214093e-02,1.154299098851541139e-01,4.916158792656583065e-01,5.407017410630169962e+01,9.772159705269652363e+01,1.063883726579529423e+02
5.716105529557002907e-02,-4.483868059419803265e-01,2.727129510038227567e-01,5.506992758794753229e+01,7.806160884130478905e+01,1.021110286612850757e+02
3.581344531263870312e-01,4.983587388937450458e-01,-4.411389952597442043e-01,5.942795775640586697e+01,9.331544210538066864e+01,1.106963984958501896e+02
1.911088448669833184e-01,3.922541691958778554e-01,-9.188258292137302385e-02,5.493456861678460967e+01,7.415323038026372160e+01,1.144797526209852094e+02
4.559303040466541335e-01,-2.505904141956043496e-01,-3.628621140026813130e-01,5.283737306105460618e+01,9.208363785540389301e+01,1.186541733499094278e+02
-2.845729233594228580e-01,-1.025753059042318061e-01,2.018699152641576511e-01,6.121024631707830110e+01,8.882128685454480888e+01,1.213830222170548438e+02
-3.424394162230477434e-01,3.097490611148062678e-01,-2.225577345392961703e-01,6.045383524725986035e+01,7.483989486854960660e+01,9.623305720200234248e+01
-1.078640514602891010e-02,3.077855396268047716e-02,-3.162738227664391166e-01,5.354878354663895124e+01,6.646512330024124537e+01,9.688702127465928982e+01
-9.552210443403641449e-02,-7.217666950110113167e-02,-8.354282459776601888e-02,6.461433001927780140e+01,7.819254452398133992e+01,1.222478897745018287e+02
-2.624407168879507868e-01,-3.389868898500185690e-01,-3.337193879993033407e-01,5.733751362790311390e+01,8.129964991170038502e+01,1.085830159925919958e+02
1.031250738479799756e-01,2.950552902518186471e-01,-5.121479624281940479e-01,5.481444688141397847e+01,9.358420557925370531e+01,1.053951294994000705e+02
4.448583469032277860e-01,5.464792939669971261e-02,-1.109275692538709834e-01,5.697537964482889805e+01,8.398443700609041684e+01,9.813749540975170760e+01
-3.484968340333050030e-02,-3.557204156095103986e-01,1.642784720475631843e-02,6.126359600213926626e+01,9.521037492891676379e+01,1.175079659053636476e+02
-2.269832807148332021e-01,-2.772388617460797566e-01,-2.333175619735704531e-01,6.331579938183949707e+01,6.640311027620657569e+01,9.114522503585730817e+01
4.744841834591340124e-03,9.872213461731993434e-02,-1.883269929849559210e-01,4.524998892479958812e+01,9.394551457536735484e+01,1.171645046776914540e+02
3.759259724975875239e-01,4.063741151401188967e-01,3.287317352628676970e-01,5.156881770170138424e+01,8.756235879612019346e+01,1.128449603616239045e+02
1.653140455182912083e-01,8.048860752130260199e-02,3.973190382035599599e-01,5.222628048645091781e+01,7.738057150313483135e+01,1.118129429868654796e+02
-4.127032737124325390e-01,5.152651832748417204e-01,9.792929940416272849e-02,5.934021051170605432e+01,8.660395408886849111e+01,1.027575035151280503e+02
-2.544174176234287321e-02,-3.972488016884712647e-01,-7.126633714859842428e-02,5.565175530110864344e+01,7.314930267362308314e+01,1.203588554848898440e+02
3.828266679617026158e-01,5.129415185909450559e-01,4.138148964534240637e-01,6.293613396102713153e+01,7.146253955098599420e+01,1.019697406277896050e+02
-3.585482431181405971e-01,-3.895023954083247641e-01,-1.550586010718905672e-01,6.312002115140764147e+01,6.851993951459610344e+01,1.058111841114590561e+02
8.746967247423409475e-03,-1.632150813842035975e-01,3.867948006126916694e-01,5.729095251477556872e+01,7.197332507211568497e+01,1.100917934849738629e+02
-4.190230340591567515e-01,-3.848010329954772990e-01,7.835208653338765483e-02,6.241843408542714400e+01,9.873254551807674773e+01,1.213161337511596543e+02
4.385906226496697480e-01,4.370956389597649983e-01,1.088505986255685620e-01,6.052912306740864778e+01,9.057520870999869089e+01,1.036281179092783589e+02
3.700216743504260997e-01,4.502984523561999186e-01,1.112086402771391702e-01,5.633318845146062870e+01,6.700587000111343627e+01,9.763958889051394863e+01
-3.630798145922847220e-01,9.001854045088319989e-02,-2.585989648060277313e-02,6.570736043340764354e+01,8.455687331578553767e+01,1.011321028524230883e+02
-3.263884647393438532e-01,3.648234725367880404e-01,-4.803987009779928652e-01,5.763372122672172537e+01,8.168600389564923603e+01,9.777099867275092038e+01
-5.045810984827785450e-01,-4.657830441320315318e-01,-8.116295832660885834e-02,5.351115650912037580e+01,7.851577636934700877e+01,9.014837281322070339e+01
3.804390355421904957e-03,-1.982824737124143089e-01,-1.461338048741345208e-02,5.828663757637029619e+01,7.609262893361471924e+01,9.099871800719591874e+01
2.550977058113301776e-01,8.402735848069431412e-02,1.196756739600526309e-01,6.076285992841185646e+01,9.588537410322709320e+01,1.002621649055256938e+02
-4.140461024061432016e-01,-3.978192178834487613e-01,-8.785637379063904184e-03,6.541367104240993058e+01,7.177225944143371805e+01,1.211489222203890392e+02
-1.669329284947536629e-01,-2.309428664476087523e-02,2.030090200602689965e-01,4.631566706322857385e+01,9.566095744711829241e+01,1.174234778655900584e+02
-3.095543533195941333e-01,3.427002111204521251e-01,-3.427124900205924529e-02,5.074902983869851170e+01,7.377068062325790265e+01,9.725927004520410435e+01
-2.825192480819838092e-01,-2.564514221331464228e-01,7.523274188602890877e-02,5.098989136580446058e+01,6.891687776877741101e+01,1.031003102839749346e+02
-4.091586279539799476e-01,-1.976784160781697164e-02,4.785395243917810459e-01,5.172969303236381222e+01,7.167168901963459859e+01,1.050015210273808606e+02
-3.767302730413999434e-01,-2.354597245826254848e-01,2.754331635020617064e-01,6.193098611497806871e+01,8.087434039800348273e+01,8.930214033578384658e+01
2.617821487652750578e-01,-4.076486031337395177e-01,-2.757250265666893463e-01,6.022412979421994095e+01,8.840652681019292913e+01,1.110177804683140721e+02
-4.726018546442184443e-01,-4.503665423645468735e-01,2.065844955838874730e-01,5.206712634766341097e+01,6.821637121060410891e+01,1.207292351627534970e+02
-4.532620044588845376e-01,4.083012854201300001e-01,5.396622476430690263e-03,5.030836582154279313e+01,6.624248858912066851e+01,1.116314548190517826e+02
-3.116843555328298598e-01,1.044007334186564107e-01,-3.365649201747902275e-01,6.321127859978538055e+01,9.102628512775191894e+01,1.016458834854339983e+02
-4.975659770946183058e-01,8.023094407189068633e-04,3.249480760124209278e-01,5.904800227834323323e+01,7.493445467190827003e+01,1.177796269766581361e+02
5.084564765026676758e-01,4.008939952863378453e-01,2.778437359890243430e-01,5.956898002176168916e+01,7.703727544277221284e+01,1.021293087402526112e+02
4.913203534378273174e-01,-3.640826177394516083e-01,-3.608672928490741505e-01,5.710887491608167466e+01,8.858209204943213422e+01,1.129672962218674570e+02
-4.857292737236214575e-01,-3.585872460458605637e-02,-4.979399764101472003e-02,5.131229697079562158e+01,7.238171687427634993e+01,9.075979179042339240e+01
4.300193458791753409e-01,3.687657346441475248e-01,-1.940274352937264579e-01,5.000239148688206114e+01,8.980191481548823162e+01,1.045680040317614612e+02
-3.377143171490294415e-01,5.041073936097718589e-01,5.101803338905143148e-01,5.782648586450820005e+01,6.943644469103843164e+01,1.169249145015489830e+02
1.333175062292762947e-01,-5.274452534412493732e-02,4.745358737731024679e-01,6.431287637082560593e+01,8.168184349136765832e+01,1.055118296525976689e+02
1.726314133358375358e-01,-3.547339158592616171e-01,2.681801171631280623e-01,4.577727800663183189e+01,7.270393598052409345e+01,1.123814374855439269e+02
4.148585901507577667e-01,-3.881303646008670283e-01,-5.109780941606650861e-01,5.348900219334741024e+01,8.288052750904236632e+01,1.177111295385098231e+02
-4.077908624124489956e-01,-2.540267081269826366e-01,-3.288468185192483517e-01,6.073845448706655503e+01,7.395224628868287198e+01,1.208920808418496051e+02
1.911990025382567238e-01,3.310497104404119817e-02,3.128500880525211247e-01,6.594825527804141529e+01,8.214885348857180247e+01,1.154469758210605619e+02
1.860437279562199286e-01,-1.151261863729793333e-01,-3.752747951830593953e-01,4.526722310833744700e+01,8.677631874359566666e+01,1.035599069339824467e+02
-4.727371342072065330e-01,-1.055624322058760223e-01,-3.799261199871450945e-02,4.444974562914051575e+01,8.204322420365349444e+01,1.019186698972869323e+02
4.320556393314026744e-01,3.264663197205470713e-01,2.561233252395375137e-01,5.542297429434251654e+01,8.779492387028118117e+01,1.126642860207884382e+02
-3.894384931855667809e-01,-2.592481103016182065e-01,-9.525818696663368446e-02,4.774861320148974642e+01,7.256557148257543588e+01,1.157648988077800425e+02
-4.108197332560209469e-02,-4.868245369984224857e-01,-4.911411090009982772e-01,6.142064037540362165e+01,9.047578204648893063e+01,9.736748191004710407e+01
-3.875452933632171915e-01,4.623784095342826639e-01,-5.230038320295690157e-01,4.799350837841326012e+01,9.313020003883552533e+01,1.150286249931174041e+02
2.194698669413523984e-01,-2.257787927056957855e-01,-1.268491794838585429e-01,5.178489006511334480e+01,8.405648694115532749e+01,9.403526337928894918e+01
-2.640617921860016204e-01,-3.628272248565279079e-01,3.588270807694915465e-01,6.409438434436623311e+01,7.890170025963409728e+01,1.042665729523107814e+02
1.489415483438916166e-02,2.204694030155645024e-01,4.575282422306810037e-01,6.040485001452659475e+01,8.350138558115810383e+01,1.034304734182747012e+02
5.210645965460386497e-01,5.462465516419068301e-02,2.338605037212200255e-01,6.281360682265270157e+01,9.262845826805721572e+01,1.205674538917217262e+02
3.607374325453047703e-01,-3.268266077702240979e-01,-1.812716220225119024e-01,5.708477507645228144e+01,8.932569273691893841e+01,1.019286690068382484e+02
-3.667971090088689712e-02,2.728431569767296727e-01,-4.220891608101652315e-01,6.162967649128265890e+01,7.104283771372284662e+01,1.072805216817431244e+02
4.278497015888138577e-02,-3.457846588702729873e-01,1.137882268643960471e-01,4.990730024807608345e+01,8.595670753875450032e+01,1.088810750530790017e+02
-1.033002185692458719e-01,-3.865307416563479315e-01,1.647597394838998808e-01,4.472308874586232008e+01,7.722852099245818636e+01,1.116542038996975919e+02
-1.986170650136134253e-01,3.383781355229562582e-01,4.255713002689454072e-03,4.621675346467020518e+01,8.830502972991364175e+01,1.230584478977835801e+02
5.561017184431538141e-02,-3.862534036012951200e-01,1.904809463589282048e-01,6.453454385058847720e+01,8.907593669745995157e+01,9.541776073530071756e+01
3.162807622205039415e-01,1.634401839941042045e-01,-5.654632230962963746e-03,4.862191672411773880e+01,7.920219636178990186e+01,1.041269571149618542e+02
-4.932305668566605572e-01,-4.832376882885759950e-01,4.422918848145523940e-01,5.392857620355271564e+01,8.464988771896427977e+01,9.804647835391094191e+01
3.416921039915573610e-01,1.757712281160200840e-01,4.732587222879679478e-01,5.236518284578470173e+01,6.880032863731283044e+01,1.194653689596882202e+02
5.180504600574321605e-01,-2.586214051042907691e-01,-3.916512483854300841e-02,5.849461526641537290e+01,8.317172113686044099e+01,1.029499147124083578e+02
-5.036662626147128119e-01,-3.261703763587563421e-01,-4.306762318137656864e-01,5.977525326169197939e+01,7.195128924637309353e+01,1.256387180531960723e+02
-3.212075940350384018e-02,3.147704314994628216e-01,-4.646532684837944016e-01,6.536989852988118344e+01,7.424956288294079343e+01,9.347198524788956320e+01
7.587777013024643580e-02,4.220092546056963823e-01,-3.143740134716083157e-01,4.715257446355480653e+01,6.841711754352920138e+01,1.226146708234452376e+02
2.164808924554484371e-02,2.912794885499399022e-01,4.498477052423772715e-01,4.541259473444021921e+01,9.492102677477902262e+01,1.016053620578624930e+02
-1.763805335284669984e-01,-3.164527879458948201e-01,-3.127473089487441960e-01,4.911616633448086588e+01,7.425564474256597691e+01,1.225726408783925905e+02
4.143078789529637262e-01,-6.406576405937458585e-02,2.306096863058284541e-01,4.655418477383424403e+01,7.094448347884609518e+01,8.769447743802422224e+01
1.860040286833740675e-01,-2.538274747751212423e-01,1.362948235075504000e-01,4.761633197033776099e+01,7.827612397174874559e+01,9.075470721693120879e+01
3.219416249387995199e-01,-4.386145050845838278e-01,3.428952589088863911e-01,5.926899029009523190e+01,7.995623272041486018e+01,9.938763050619859030e+01
9.432725704106237341e-02,4.066953514167638284e-01,2.828383386568984470e-01,6.421062153134849382e+01,9.489961853986834228e+01,9.914806757544909033e+01
-2.080335087577499520e-01,-4.816113794443244722e-01,-4.264340752501130094e-01,5.972833466371619693e+01,8.534251952073971381e+01,9.525061554881590098e+01
1.597890893781401811e-01,4.086834651419760656e-01,-1.202520642391936012e-01,4.710836387591621133e+01,8.448189671579561377e+01,1.011791949118680520e+02
-1.323053169360673964e-01,2.771588736321162205e-01,-2.535328007504558112e-01,4.453304578992686658e+01,9.768745814925793525e+01,1.057709434252560072e+02
-8.816628227581757571e-02,3.289646657838496413e-02,-1.469571136226674457e-01,6.502893175215635324e+01,8.023486689475974742e+01,1.217832276101001412e+02
-5.139019547506036290e-01,3.675633245956847484e-01,-1.088402143454018645e-01,6.144645734923497571e+01,6.989831805920944419e+01,8.608902815188487523e+01
2.433828512001176003e-01,-2.979327907972753597e-01,-1.782483337115249311e-01,5.719161578928311940e+01,8.081061066448317831e+01,1.054195350394983137e+02
7.511344080032744674e-02,1.705986537869492725e-01,-3.385935453752001445e-01,4.939783782853978522e+01,8.285496406270098646e+01,8.563626915547717999e+01
1.782276495134493821e-02,4.418100356619133473e-01,-2.871675452511682214e-01,5.531502532852303489e+01,9.320858473383184162e+01,1.200673391474415723e+02
3.922404519361928354e-01,3.309730867845156466e-01,-1.727385059388553135e-01,4.848828922418890386e+01,9.168589553568115491e+01,1.081049693575591562e+02
-6.273896714394316954e-02,2.567768637042699975e-01,4.523310857108111538e-01,4.557441900136294066e+01,7.268201639307001471e+01,1.191406111970619861e+02
3.677041797558916469e-01,-3.053844395275913670e-01,-4.910627664885047761e-01,6.325219773535239653e+01,7.981334214329960730e+01,1.115306374794766668e+02
-4.198077364444515180e-01,4.980425956712645208e-01,-2.996756631856222208e-01,5.607699971927891625e+01,8.326454270456451923e+01,1.241260531309784483e+02
-2.074211506405450600e-01,-2.989340888970823396e-01,-3.993201274108726939e-01,6.497048303919027035e+01,8.963129903173864932e+01,1.077730590185371398e+02
-4.351688892881478976e-01,5.150198363759067588e-01,-2.384164092121843215e-02,4.518919485560918048e+01,9.408422057733841370e+01,1.144653563406775589e+02
-1.927586461692293862e-01,3.595268852396936721e-01,-2.704915484672563708e-01,5.123964714882793459e+01,7.346423336346805399e+01,1.149603733621223114e+02
7.761683760735271775e-04,3.115526185793373593e-01,4.743544799386234523e-01,4.728301002568564115e+01,7.630879780266722889e+01,9.837723026239945057e+01
2.567604075684430942e-01,3.959950570905786948e-01,-1.378696688438578177e-01,6.109195520905026910e+01,7.850180438011258843e+01,1.105300721943573024e+02
1.079735626759558142e-01,2.605645111541680103e-01,-5.766104181592096589e-02,5.113692461111531173e+01,9.016653081200659869e+01,1.060471355627575463e+02
-2.714042229581775656e-01,1.889341314873571598e-01,-4.316973648654061635e-01,5.791381716319730089e+01,8.409270678049774972e+01,1.182430546958247959e+02
-1.607671761140091471e-01,2.418031430120537451e-02,4.328259083075118863e-01,6.195985559666819853e+01,8.049021952297840699e+01,1.085067291617222054e+02
9.178118136017354711e-02,-1.014313410558997375e-01,-6.369211203088137596e-02,6.019979013723448702e+01,9.097834342236704686e+01,1.002598285800472979e+02
2.233234609502136037e-01,2.596946557599307814e-01,1.721015437760776701e-01,6.342879140479031719e+01,9.464910927545923869e+01,9.589955844760146420e+01
2.945704250700923454e-01,2.676003831120720156e-01,4.133588041589731921e-01,6.510634399093507341e+01,9.411163923963596289e+01,9.984792372197665600e+01
3.057549030200812368e-01,4.864430400495430851e-01,4.611349208759454310e-01,5.534977571737726976e+01,8.426596810456948106e+01,8.643984270054842511e+01
4.283716719444022880e-01,3.498905799082304702e-01,4.017743905394084436e-01,6.028979780511878772e+01,9.271611367680371529e+01,1.220177454937891355e+02
3.790898396253739033e-02,1.113829058120233695e-01,3.779191119359074369e-01,4.778775460102433215e+01,6.646109974080926008e+01,1.225535850681605297e+02
-1.072558646156547280e-01,4.030129926953744945e-01,-1.322421981418174797e-01,5.959496572569787531e+01,9.375116742085972987e+01,9.854398363889283985e+01
3.150719944786866122e-01,-2.714827489796557414e-01,-3.556394681964880622e-01,6.207900730621041419e+01,9.332805201513815518e+01,1.117209817317133229e+02
-2.375178176403051622e-01,3.451515052801910066e-01,4.211301479724298691e-01,6.083828349267520252e+01,8.285180084741659812e+01,9.778202767346135715e+01
-3.228932981648169331e-03,3.642539155725071920e-01,-3.214632697934107775e-01,6.413873261597190378e+01,9.427231058641361017e+01,9.440819427199257063e+01
-2.149318590738854007e-01,2.219198123033040426e-01,-2.844856329838868492e-01,4.641242978221735882e+01,8.624859994463166402e+01,1.205868511203748454e+02
5.004734901614010800e-01,2.179820806470814665e-01,4.191702457148844818e-01,5.729476068357627128e+01,7.320757399294501511e+01,1.072070134704651565e+02
-2.108699763235133418e-02,-3.821872120899574843e-01,4.712407521794436116e-01,4.477199685030177534e+01,6.771443262401584207e+01,1.177694186921345079e+02
-1.641037496508565008e-01,4.595158923775661819e-01,-1.221631410699516862e-01,5.907544350632583985e+01,7.115704124486362048e+01,1.203791580943452431e+02
2.280379858910086543e-01,-1.136293333206795930e-01,3.332469043950400112e-01,4.851571671023445020e+01,7.326432564769213229e+01,8.858028087226210801e+01
5.018428628913497169e-01,1.370907339617543075e-01,-1.061388954033961607e-01,5.075514215117519257e+01,8.738069736413490318e+01,8.854774193922315817e+01
-4.022738975847465204e-01,2.176536172483604092e-01,4.169103733829384595e-01,4.609777597002292282e+01,8.311315954759466251e+01,1.009192522797214764e+02
-3.627352043221798161e-01,4.077972227112680592e-02,4.933715772500349983e-01,5.023624210535386680e+01,7.449378999792227773e+01,1.079250938211499857e+02
1.919077033766191098e-01,4.647445643032526164e-01,-2.249159533194854954e-01,6.579904857033339738e+01,9.545188683160945686e+01,1.184157076724501678e+02
-3.610601100000924157e-01,3.256395897386331617e-01,-4.601064108503215566e-01,4.780652626955253481e+01,9.086551859370513284e+01,9.273997769091948840e+01
-7.181869806426210978e-02,3.654526033761584802e-02,2.392656515125295424e-01,5.621022541067792133e+01,8.550556135947657310e+01,9.232440565424604983e+01
-2.032017480153577305e-01,-2.850055708007698252e-02,4.229674774246736657e-01,5.925711933583333746e+01,9.874415784133722696e+01,1.171465043171703826e+02
4.882369166860470733e-01,-4.239065248567300825e-01,-1.624923251797970591e-01,5.638898195887241371e+01,7.965349672452667562e+01,9.841699215937610745e+01
-2.573346780522294264e-01,2.563235162138240986e-01,-4.963534143106010377e-01,5.372726826421889967e+01,8.322591377250928701e+01,1.242188822361552099e+02
-4.041092716732316847e-01,-4.219215016059785217e-02,-2.121497003389191671e-01,4.456103440712435315e+01,6.803359194646120045e+01,9.609944706329692110e+01
7.840570135460478429e-02,7.138468334387515490e-02,3.812933764856540897e-01,4.479872487429845762e+01,8.179091121106566220e+01,1.102786771909357526e+02
-1.943179983300880598e-01,8.875282283462260224e-02,-3.646323724507471997e-01,5.991830579001967294e+01,7.250033423552659428e+01,1.085477859778825689e+02
1.065782751182958732e-01,3.105691892035175039e-01,3.703421145605509945e-01,6.142451134225500198e+01,8.698533575124537265e+01,1.141670875557316123e+02
4.506977176120424700e-01,3.630330751629846642e-01,-2.488262094894319598e-01,6.385067050819660039e+01,7.635825965833677742e+01,1.017620492430383194e+02
1.005755265577040758e-01,2.385969447365960949e-01,-8.243525752060459899e-02,6.340195877705640726e+01,8.151601501569953712e+01,9.394038786245477013e+01
2.972199123088025141e-01,-2.465128112273181071e-01,4.576910152133356613e-01,4.953763411848751019e+01,7.736050697577351798e+01,1.230551508460245600e+02
4.348998447860158434e-01,3.068340964549355343e-01,-3.738417751263192201e-01,4.422284542151209052e+01,7.935669727222312986e+01,9.206879741846687182e+01
1.945099765125296587e-01,6.712027055946212517e-02,-4.821714222472628375e-01,4.601431635615251992e+01,8.398005111175220350e+01,1.050254880404795585e+02
1.856549304724099958e-01,-1.949392043920258888e-01,8.689463283760479051e-02,6.102469474901801050e+01,7.246046287292091392e+01,1.215601493181911792e+02
1.735046499214198956e-01,-1.125897229940023281e-01,5.233530369896434165e-01,5.063945347913305994e+01,7.470493939180030907e+01,8.906425252267145254e+01
-1.286537898830064086e-01,4.002127977768619171e-01,-2.944644908523164073e-02,5.380611859391412111e+01,6.733646541380113604e+01,1.090881085858806046e+02
-8.217133434178180984e-03,2.729051993793418784e-02,-8.987308922577830206e-02,4.874255562726480662e+01,6.949808225315811683e+01,8.497693848511424619e+01
-4.538985035843915994e-01,-6.668903802018721905e-02,-3.864982981190396294e-01,4.945483381653946253e+01,8.930605568554715035e+01,9.169907584527047106e+01
-4.347762413390708902e-01,-2.261430851994039593e-02,2.009017727825992417e-01,6.267298587133048215e+01,7.182310254995368837e+01,9.298036250127370295e+01
-4.848831206072717337e-01,5.261088233919886115e-02,9.024360537895670387e-02,4.457643265213145156e+01,9.016650793153789323e+01,9.803210818353986156e+01
-2.756801263194211815e-01,-4.335582691159886037e-01,1.885321434889815073e-01,4.618921214304005929e+01,8.952524761725933899e+01,1.229471374121099103e+02
4.567116116566629636e-01,-3.212714934629554708e-01,-9.067867442875432449e-02,5.142477354045765026e+01,6.780754554388438748e+01,9.331982714434059289e+01
-1.294760565995367596e-01,4.469118616929358412e-01,2.770894211742647162e-02,6.074096554937408143e+01,7.827858758002884088e+01,1.201137023883524364e+02
-2.236329882579057848e-01,-8.011543534672871392e-02,-4.550353695356523787e-02,4.531979836087766245e+01,8.985682195683340012e+01,9.239263092405361988e+01
-3.014385299471908919e-01,-1.575366176982900268e-01,-4.935424705467622575e-02,5.043428950574440250e+01,8.342333530841338529e+01,1.219830234038489323e+02
-3.068073714661221363e-01,-1.012070322514466714e-01,2.947503377677107572e-01,5.123328315182227044e+01,6.660162540863646541e+01,9.173388784112319172e+01
-3.987544741043044239e-01,-9.948998615071469320e-02,2.665853899917762782e-01,5.963675377048244997e+01,7.984873356271353373e+01,9.731574564219702950e+01
-2.582563479439209941e-01,-3.085145588362142588e-01,5.175974740517420569e-01,5.813556953354773782e+01,6.900733769907063220e+01,1.115484494029029889e+02
3.140235598282073992e-01,-2.240507415846428318e-01,-1.836327223888740146e-01,5.316749026781418763e+01,6.915095259465417143e+01,1.024626697626562191e+02
3.827052021926518055e-01,-5.420228219522671420e-02,2.682090847734371897e-01,5.545695337510171896e+01,8.762512605024058132e+01,1.199663675969801204e+02
-3.863020733206549151e-01,1.948309677470252410e-01,1.794933507804657991e-01,5.465269731416141497e+01,6.969927467007192945e+01,9.201196000359989569e+01
4.833336418110659727e-01,-5.284971350982931027e-02,3.626895592659376000e-01,6.274323078323499203e+01,6.666853908058561728e+01,9.255880077976263465e+01
-5.194020217353817470e-01,3.013759684409157424e-01,4.048942816524963018e-01,6.509961343775968601e+01,7.825225608778468711e+01,1.018674499406359786e+02
-4.807192190581487390e-01,-3.166023958288189943e-01,4.518258758068283143e-01,5.084690840249292165e+01,8.858939029333178894e+01,1.075247013977520538e+02
-4.908387574948694931e-01,-2.851925801675526673e-01,-4.189294369936732432e-01,5.062763616781780485e+01,8.542943583865587698e+01,1.207200134940378717e+02
3.750279420246503959e-01,-1.130344802027634654e-01,7.494770307510412177e-02,5.878152688684082250e+01,7.469029783827566860e+01,1.190676653314237683e+02
2.215430630960937286e-01,-3.540139597959532924e-01,1.232231709423953214e-01,5.392520636824539793e+01,7.401170652020707053e+01,1.113335563837510449e+02
-2.177549600888065151e-01,-2.870065241234450726e-01,-1.162567151403659516e-02,4.623157111879726244e+01,9.595396481676795020e+01,1.124573476053819547e+02
-1.266557215807621040e-01,4.219082358814486566e-01,-4.126561987893681005e-01,5.769920957583296683e+01,6.748306631580383907e+01,9.927682714149548815e+01
9.123597718092402165e-02,5.181689440667728297e-01,1.069391770576508804e-01,5.573388892532342709e+01,9.853315561459680794e+01,1.026397712969414187e+02
-4.293008763035546238e-01,4.405202566560952882e-01,-1.773146341590336461e-01,5.922147203952987127e+01,6.912032657189207896e+01,1.163006003812808444e+02
-2.799779603024898922e-01,3.477953295385254329e-01,1.386018850509720401e-01,6.192727073907819602e+01,8.753672562166308069e+01,1.175049441160544461e+02
1.606811639322862639e-01,3.267132806240732323e-01,3.345280489342471464e-01,5.922305616589358834e+01,8.359033995794973748e+01,1.156390038550453170e+02
2.813269956712781683e-01,2.108962680549083535e-01,1.192006707401768173e-01,5.407374213453047673e+01,7.144759386889781183e+01,9.053835827925473723e+01
-3.982779681511434688e-01,-1.449331573147403796e-01,-2.484689856058147628e-01,4.705811172726983926e+01,9.888467356794043894e+01,1.161031204934480172e+02
-3.251848323433436105e-01,-3.070241560312746421e-01,-4.239186185473872159e-01,5.412082466787067858e+01,6.803979471536661094e+01,8.778231158685071023e+01
5.122188826197103806e-01,-2.760827064648893048e-01,-3.452410436055539655e-01,6.376150979391915996e+01,7.888600466236118791e+01,9.411120404801614825e+01
-2.189503278985584500e-01,3.928117741065344504e-01,-1.966487535456722391e-01,5.767208494304277622e+01,9.701577894451048678e+01,1.015813049232462646e+02
3.694315350589083558e-01,-2.764630200929557580e-01,1.306490311274376426e-01,5.490080950791101344e+01,9.392399046838460208e+01,9.593718596952204791e+01
-1.894040150294524216e-01,-5.509018149849453927e-02,3.328363582719137126e-01,4.964686962712768548e+01,7.384856770109911395e+01,1.143063282605517372e+02
-3.660437031276073672e-01,1.458226154242739936e-01,1.867264324706442435e-01,6.137028048801442992e+01,8.388101106368500837e+01,1.085728877558998704e+02
-1.099481611229015110e-01,2.555106761110873537e-01,2.402380715112772958e-01,5.456176165427994107e+01,7.858451375239209824e+01,1.143831991328233073e+02
-1.209467325428751905e-01,1.993884605116791331e-01,-5.063386554956721408e-01,4.945383717628602227e+01,8.164385512561790392e+01,1.010111225130410730e+02
1.364316124776426831e-01,-6.493713597051448128e-02,-3.382433313136882225e-01,5.675262382482130619e+01,7.997831649372794516e+01,1.250777950970367698e+02
1.440825502133644687e-01,-1.877267916450460206e-01,4.045688815646309999e-01,5.449582305744227995e+01,7.907987452075987278e+01,9.008639458805026834e+01
3.449768387992885321e-01,-1.535844065771492239e-01,-2.253489662019267370e-01,6.570577018554921267e+01,8.852447318327249093e+01,9.637307906481566988e+01
3.686297872611647986e-01,2.047229126734917415e-02,-1.413221925895200015e-01,5.949061558780078229e+01,9.203875822703582799e+01,1.254672843616751550e+02
-2.256282679658584978e-01,-3.192009667431920938e-01,4.807642733262252888e-01,4.704231403287035818e+01,6.878338151646427434e+01,1.095535033548450627e+02
7.583087331111704188e-02,1.762755395517942025e-01,2.076785510771935739e-01,6.560907534441886924e+01,9.790505597671369742e+01,1.023650884510617516e+02
4.263179162052532778e-01,4.700274025279295165e-01,5.055170024923016925e-02,5.475746133757404266e+01,8.164148760995999510e+01,8.905200003655592411e+01
3.279397000771506754e-01,3.010626965670448740e-03,-1.734586121598576391e-01,5.888066308778030589e+01,7.600720439887891189e+01,1.169684003581034659e+02
-3.855548719389494394e-01,-4.024336549286228748e-01,-1.124146587455132629e-02,6.529394809263392574e+01,8.798128526772988778e+01,9.126790481213929240e+01
9.242356144127727990e-02,5.696652407077495983e-02,2.314731275621325635e-01,6.270577247299155488e+01,6.866245248768395015e+01,1.025684643713405535e+02
-2.142995275341540995e-01,-3.496983935891254114e-01,1.282080936223062295e-02,5.258607511899155185e+01,8.095533385661917691e+01,1.052677109184356254e+02
-4.739888178582196132e-01,2.962577103332313389e-01,2.583768475809397058e-01,4.414774725159447399e+01,8.776242007518078481e+01,9.368406038470098451e+01
-3.940040954643934112e-01,3.044600943037450991e-01,-4.900428072699223314e-01,6.279664140185696652e+01,7.523425530702797914e+01,1.087955067017307726e+02
-4.249764875121621599e-01,4.810117096293934358e-01,1.829981452721025637e-01,5.961028488686086035e+01,9.687317827239755275e+01,1.006784593542151640e+02
-4.723240985738599851e-01,-1.457588392360071872e-01,-3.116404625526960626e-01,4.746723329234652056e+01,8.171738992176148031e+01,9.739672288847097548e+01
-3.916242991349659919e-01,-2.729757331180399094e-02,-4.905268834330608341e-01,5.979986742681460754e+01,8.145514551212986021e+01,8.451478567833113686e+01
4.919892397292159325e-01,1.328108114021738784e-01,-8.700898808326795741e-02,5.601318946845775315e+01,8.082868005409335410e+01,1.156414817859229061e+02
-1.108712268739392437e-01,-2.661184629875754659e-01,-5.106164435440169180e-01,4.415587779173885963e+01,8.287191790138911074e+01,1.023796994075121347e+02
-1.124975889020425335e-01,4.319153694747803751e-01,3.796591687793112735e-01,5.160181381938038214e+01,6.703095230669144655e+01,9.364539812206240299e+01
-4.805808496840865418e-01,2.587371733795557072e-01,-3.654791381119899540e-01,5.563057320838842656e+01,8.418182571194722641e+01,1.026772667411779310e+02
-4.892515703272942718e-02,-2.428607103179346027e-01,-1.693260586777945442e-01,5.625031316015717664e+01,7.028198727238711285e+01,1.123034284851207616e+02
-4.000232838709497640e-01,5.166542833737280960e-01,-4.555866674515397508e-01,5.894867480167828688e+01,6.681766988033268717e+01,9.792148304322324748e+01
-4.549754656701182620e-01,-3.258497384994786250e-01,4.214865082664787099e-01,6.332638741871173238e+01,9.046774461739454409e+01,9.062582850310661797e+01
2.813061538657067873e-01,-2.463320322660833561e-03,-2.609062417464694805e-01,5.961838031913680425e+01,7.573698298036107701e+01,1.052408148617429333e+02
-2.262905547030258369e-01,1.019913123460718385e-01,2.283543449315952323e-01,5.129243512050072695e+01,8.234492034073278433e+01,1.209362551300540645e+02
4.409300659212274098e-01,4.908762830475869032e-01,-2.969832293055296724e-02,6.416696625898607920e+01,8.447085391066383409e+01,1.163179580176097971e+02
-2.216622912213890850e-01,3.679167845045030472e-01,1.482426738940130218e-01,4.810656628129945744e+01,7.884802218452445288e+01,9.459453299191071096e+01
-1.823952584382717013e-01,-9.963564826104698291e-02,-5.175620628863275563e-02,5.621093027115605167e+01,8.576232621331163841e+01,1.120766843561616071e+02
2.904976672962493733e-01,-5.157374292333863908e-01,3.589080784509262045e-01,5.244693989649792343e+01,6.651416310140332655e+01,1.250552513334151001e+02
9.520648004517473506e-02,-8.450780782598177332e-02,2.216978172408483605e-01,5.904458305534968332e+01,7.152061053733956442e+01,1.112375165330157927e+02
-4.777275793327235287e-01,3.685435410275988977e-01,-1.927724270485231539e-02,4.700659305713426761e+01,8.819050588315408845e+01,1.139534995095058036e+02
3.133356677761980347e-01,8.654496022241997544e-02,-5.121826383556871143e-02,4.859019731623196492e+01,8.976463476968814348e+01,1.008936493691899159e+02
-3.766354932170522529e-01,5.229934003534989495e-01,-5.007369957275910055e-01,5.707447741630404892e+01,8.170511034369843628e+01,9.729132598144036592e+01
6.887617306985405197e-02,-4.763547243686851451e-01,-2.174908431319136359e-01,5.034300849183031090e+01,7.187842674347729144e+01,8.833017774358302177e+01
-1.221871958606814412e-01,3.834257351336864961e-01,-2.547603755797958613e-01,5.739377180252307653e+01,8.228497720618615574e+01,1.002750224926282669e+02
2.487402973080810042e-02,-3.799114824433644788e-01,2.269819019889084410e-01,4.752743874874309427e+01,9.665469056516985802e+01,1.006700616072855325e+02
-3.160397942241380820e-01,2.549506752065004989e-01,4.686136209484075277e-01,4.995343529429426610e+01,6.889534684172697609e+01,1.226568198643225003e+02
9.970665332335537645e-02,-4.098133231419417988e-01,-1.379867224477250298e-01,5.515946991415775358e+01,7.298288518797157565e+01,9.132445214856804228e+01
-3.959226926079896236e-01,1.662461820041590821e-01,6.687655252868907052e-02,6.415328328864021046e+01,7.996185074791081604e+01,9.578201662740855227e+01
-2.015488008521832408e-01,1.551776388346016722e-01,-1.474408104004740760e-01,5.673858538037913490e+01,8.422783318786427742e+01,9.858356160965507797e+01
-1.459192981409002110e-01,7.063149934168144739e-02,-5.185121833725975238e-01,4.739468181189905494e+01,8.866288063186810575e+01,1.018498967895310585e+02
2.960796376135133023e-01,-6.277937985232501239e-02,-2.664426210999924494e-01,5.217764771624975140e+01,9.226123515857531743e+01,9.819418849699066243e+01
6.831509095670140752e-02,-3.856254372354088189e-01,5.134180122088846110e-01,4.621148403116758629e+01,9.537048424727741747e+01,1.037702789152575775e+02
-2.705044323009919705e-02,4.684321946898040157e-01,1.177461902521197423e-01,5.878365982847471116e+01,8.735492000642769028e+01,9.009100990170340140e+01
1.531981123985881599e-02,2.636641421450169886e-01,-1.002414605226144562e-01,5.697174676391696124e+01,6.668596520770276470e+01,1.043000705550777383e+02
-4.153154410127818941e-01,2.497678342595927026e-01,-5.042907535779502792e-01,6.187535948545522047e+01,8.941744382623510035e+01,9.655627977307882759e+01
-1.103433230985454427e-01,2.227909583246591163e-01,-2.917026267841621445e-02,6.204230438524135138e+01,8.369855264834674813e+01,9.473636524670176584e+01
3.733762171712641242e-01,2.145061902820366573e-01,-4.894680488425111609e-01,5.003340177479826423e+01,9.738448018770534986e+01,1.236956868642519822e+02
1.410766948059383186e-01,4.735947949629566445e-01,1.455889541388608599e-01,4.559400941910917737e+01,7.393562728514285709e+01,9.073666581235538331e+01
-5.925651242051638290e-02,5.051332093258916744e-01,3.453132983901054942e-01,6.293239821601990513e+01,8.588437326234816283e+01,9.046810545136520432e+01
-2.290914458483360172e-01,4.296933355360625928e-01,5.269865193419598359e-02,5.853910031034558870e+01,7.463461221588715944e+01,1.210475699620110959e+02
-6.581435665430035442e-02,-2.465733331666354333e-01,-4.899323295779496878e-01,4.604840527888767809e+01,7.512687645067779840e+01,8.604403310331507271e+01
1.596275235102367906e-01,-4.005484742485055927e-01,1.157383721660573128e-01,5.617549013751364129e+01,9.358539567025579231e+01,1.163978155282124334e+02
2.405263116718052707e-01,9.354737841422933187e-02,4.919436469735930517e-01,4.988059271383313131e+01,8.750991219489995387e+01,1.014998204906366794e+02
-4.246735121345781572e-01,2.749837012717667450e-01,2.020322532222158518e-01,6.471007182794542700e+01,7.022011868362643838e+01,1.030294490740127458e+02
-3.788704488562136818e-01,-3.027088005097668399e-01,1.735678088389858154e-02,5.034038462641241551e+01,9.830068559675235917e+01,1.228329412743875793e+02
-3.863554191021483231e-01,-3.790881133603623554e-01,-2.307642965365233056e-01,4.937061965188268431e+01,8.011785570897707487e+01,9.848018014657007768e+01
-9.003166405071760803e-02,4.326535956312864695e-01,4.116850938177069041e-01,4.405451447885450733e+01,9.108976100688541067e+01,1.067420374696387739e+02
3.004665054988474582e-01,-2.672484786334923812e-01,2.195442475523279313e-04,6.242243652271935872e+01,7.620524096909315404e+01,8.406849560045432668e+01
2.363688531926397829e-01,-8.091273010113664288e-02,2.868687093175242842e-01,4.410966923647840332e+01,8.742035277317562247e+01,8.783522740456149336e+01
2.938238801297948788e-01,4.268428441198682810e-01,-1.888457759773429778e-01,5.121821780218439102e+01,8.314633989986512574e+01,8.832343997599079444e+01
4.768408061370467133e-01,-4.831305489799026520e-01,-2.983138908407886314e-01,6.270624107341845388e+01,7.909950494065951432e+01,8.915228572370332927e+01
-4.157346170105198913e-01,-1.097100140339495322e-01,4.316604230661257313e-01,4.739219940817189070e+01,7.265120600675494700e+01,1.041815760224126421e+02
4.216573863026117364e-01,-3.222219754192645613e-01,-1.647762246750811288e-01,5.440351800739166777e+01,8.646266991955765491e+01,9.363689461337759212e+01
-1.858855793636295384e-01,-3.769330987756157603e-01,1.916528142257424294e-01,6.235730054732544403e+01,8.955740260711422707e+01,9.583128309707585402e+01
3.848352896587252658e-01,3.969598977939456930e-01,-5.066022814616594205e-01,6.108715087968438695e+01,7.516403170528590749e+01,1.062516256581137952e+02
-2.659184225990827155e-01,-1.345196375914298748e-01,4.329467161384876750e-01,4.589991283903512453e+01,6.794043490817541908e+01,8.978066097555951330e+01
-3.716187283085201631e-01,-1.290838450992484732e-01,5.096835228539676743e-01,6.521607418326880179e+01,8.922071732823516754e+01,9.507126236412953801e+01
-3.314032277516241187e-01,-4.984970779881120473e-01,2.301752167944448590e-02,5.129848487410290403e+01,9.403868768072030093e+01,1.016034190406825104e+02
-2.323591493274113073e-01,7.208259243800207994e-02,3.347453047170871887e-01,6.312805671116315409e+01,8.180430745773016099e+01,9.711156304948544005e+01
-5.014526246781131347e-01,-4.264648384607658826e-01,4.759763887564494311e-03,4.803299956112988411e+01,8.141239755439673331e+01,1.137953424325756373e+02
4.940954779608875969e-01,-1.716042956705492450e-01,-5.614079254551340714e-02,6.448735322654817992e+01,7.281878425972877267e+01,1.026633788308057547e+02
4.356465854968811779e-01,1.152550681629634921e-01,-8.665181712634212330e-02,5.555622959859903176e+01,7.678834202134342490e+01,1.224901964130140755e+02
-2.797564330147172540e-01,-4.287446073102934574e-01,3.094736073826779288e-01,6.168802552578748788e+01,6.620871335891126819e+01,9.553679237259484580e+01
1.684710608058559433e-02,-9.419669006978137471e-02,1.374822911095314737e-01,6.207548901425087706e+01,9.637195792272856920e+01,1.033609835553364746e+02
4.381913283019509553e-01,6.563039488157829116e-02,4.576791879451244105e-01,4.829923094503369185e+01,7.778481466458840998e+01,9.611668933196180831e+01
-3.608207503359698309e-01,1.860960258832607961e-01,4.717585905605955476e-01,5.551532465258762983e+01,9.891125450403892216e+01,1.035225797924967139e+02
-7.549957808203466847e-02,1.588278954128166109e-01,5.884234120765496900e-02,6.307412321884514483e+01,8.742389787720337324e+01,1.053657173671439864e+02
7.247868972430016044e-02,1.245289431620775211e-01,6.030129686592511362e-02,5.383676210536441431e+01,6.992130889464685595e+01,1.207601559869029870e+02
2.271268749658670316e-01,-1.121261733478838840e-01,-5.792256161900188882e-02,4.938483095823442426e+01,7.105231240151144334e+01,9.751682512725673746e+01
1.782364322096281484e-01,1.810116516300394052e-01,1.939562958460243625e-01,4.901774697504116318e+01,7.421303102888001035e+01,1.055440869214746300e+02
3.670780104605212424e-01,7.114055974714283970e-02,4.498749914824855534e-01,6.421991681530822405e+01,9.887674707699139276e+01,1.259922658332581165e+02
-6.400634821696610244e-02,-2.519140106197931273e-01,1.293774557491131905e-01,5.572028940143331965e+01,7.029082483559079719e+01,1.031109139444938876e+02
1.527133622350085318e-02,2.924508010343432884e-01,-3.158526222507581083e-01,5.067881833507651379e+01,7.595891931360517901e+01,9.563947311833854315e+01
-2.684308144048461187e-01,4.238709292175313337e-02,-4.694065687268637599e-01,5.931455986748628106e+01,7.524759359030554151e+01,9.077007420278130212e+01
1.720687370592836052e-01,5.116648060348113480e-01,5.762538955397800144e-03,4.657283912796258107e+01,9.034928698489346743e+01,1.145170331478333736e+02
-2.831035433659652156e-01,2.872838839242030096e-01,4.032684342540858724e-01,5.827304788554819481e+01,7.119577108595132131e+01,9.647142698834434782e+01
-3.188107988014099448e-02,2.852073817538848255e-01,-2.964447429810168622e-01,4.998499416190873035e+01,8.543768709003717277e+01,1.058469738454864171e+02
3.700476324909921511e-01,4.592081259956753980e-01,1.255757207981346157e-01,5.351137930088627570e+01,7.159999876398156005e+01,1.157716955117328297e+02
-6.134853420998287454e-03,3.846388445599018269e-01,1.028011635848605776e-01,4.640872116541793702e+01,9.620577541376873398e+01,1.171177970247714484e+02
3.659000846754786318e-01,6.814942864946593737e-02,-4.532735143252873411e-01,4.683530290275045616e+01,8.787640986405889976e+01,1.063648356765699106e+02
-4.275487629059097072e-01,3.920019165628159108e-01,4.882062476469789525e-01,4.809505259029325686e+01,9.333041741224134569e+01,1.007721298597819697e+02
2.872687152245210207e-01,-3.452178947311924651e-01,4.123268401921668103e-01,5.301342368407787831e+01,8.243292943969596820e+01,9.632175725726385451e+01
2.055862160314027021e-01,2.626775516904372720e-01,2.715813648680760473e-01,4.565306697450832019e+01,8.580901828590569380e+01,1.057733973474452114e+02
4.565151148011745708e-01,-3.825496169328583829e-01,3.605211698050153624e-01,5.798190844540772559e+01,6.907620101802619672e+01,9.055235060875540398e+01
1.561885200639107074e-01,1.604221668590863903e-01,1.730116602041147367e-01,5.145130393525650447e+01,8.707893334035843225e+01,1.229610945211593673e+02
3.090435367048657289e-01,-2.462933479678574011e-01,4.495014267933726826e-01,6.545889512417687683e+01,9.509674096806742227e+01,1.044128889820995738e+02
1.247412156071030509e-01,2.391537048842463653e-01,2.060098809507969753e-01,6.218772823124810856e+01,8.987863247889309548e+01,1.107329067932761575e+02
3.108261280474136079e-01,3.010314655715948806e-01,3.011275043016660158e-01,4.889460954683227811e+01,8.720993538444197668e+01,9.596244742676796591e+01
3.379951710374764495e-01,5.074390599469330576e-01,-2.753479490983802291e-01,4.706897465516817647e+01,9.537851181032760906e+01,9.911479060532919050e+01
-1.806462225177336012e-01,2.295296891553644247e-02,4.478533037742218337e-01,5.959677941847559168e+01,7.606207439440223084e+01,8.466848472766785960e+01
-2.355579405334506937e-02,1.799652854795295021e-01,1.009970718749907403e-01,6.473520379303575112e+01,7.276666975126505577e+01,1.076567575637530041e+02
4.724899430690038260e-01,-1.787959342065458812e-01,8.813439652819021752e-02,5.397951192600168469e+01,8.140284655532502711e+01,1.131916122880165574e+02
9.544558103812206262e-02,2.642382212909122341e-01,3.722529300819262810e-01,6.447307395929189511e+01,6.995601142057022059e+01,1.027564083073998802e+02
3.453550114180180541e-01,-1.050589055832178986e-01,2.406258565603348609e-01,5.302971241821983028e+01,8.291424611385647836e+01,1.180577475980263387e+02
-5.105403499545398960e-01,-2.663026064043213514e-01,2.268468203782985082e-01,6.355350087199153108e+01,6.734870966246525370e+01,9.826671646971942664e+01
-2.685048603793039335e-01,-2.967523662903517323e-01,3.934724223909882301e-01,6.173179281248184225e+01,9.887219950207403940e+01,1.254132317036368818e+02
-5.188862557814090115e-01,-2.713004892723734907e-01,-4.722085529941351112e-01,6.150155442399686478e+01,9.419816130006230992e+01,1.226895404694381000e+02
1.275403154254471927e-01,1.659606725732104548e-01,3.383156169413653602e-01,5.595373118332267381e+01,6.607376175666411200e+01,1.010892103164238449e+02
-4.858370054464884458e-01,4.803573979132590432e-01,-3.095939602890203091e-01,4.526923877666168039e+01,8.382468442698996114e+01,9.690244761255715389e+01
-9.514839293298049672e-02,-3.458745803355640636e-01,3.147636214077755845e-01,6.084626036533133941e+01,8.115347115783815468e+01,9.320290031155465726e+01
2.123205050655396775e-02,-3.252977908324489742e-01,-6.687778181251136100e-02,6.442125025846763720e+01,9.594470115759122564e+01,9.726287497243174585e+01
5.606783663084979885e-02,-4.703165949796753731e-01,-3.597231295573766197e-03,4.436280769750829478e+01,9.576450477599919964e+01,1.182164480962029529e+02
3.222183992665061947e-02,3.363920930942205789e-01,4.494180575793503829e-01,4.771018739970953249e+01,8.606825423644150419e+01,9.748573660085676806e+01
2.753113977403872648e-01,-6.831943338101287289e-02,-2.478535624315638675e-01,4.815313575300064031e+01,6.664040296630257387e+01,1.101901562035127426e+02
3.598049151429274506e-01,-3.321618788657191845e-01,-2.340615376941590497e-02,4.557909604733691111e+01,9.438021443606592698e+01,1.039310104881113830e+02
-8.337601391028498510e-02,-1.626916832011082170e-01,2.853674127535263949e-01,5.607751746364812107e+01,9.602318698513182937e+01,9.670228133869379405e+01
-2.487507660380793295e-01,-4.560315526464048252e-02,-3.658926179830237491e-01,4.679089245515776696e+01,8.903877315797826952e+01,1.159684880554764419e+02
-4.769206746644588657e-02,2.611217061550629159e-01,-4.432363888272015107e-01,6.244311900850994590e+01,7.342752535056149554e+01,1.254187756061363359e+02
-2.100853258547963343e-01,-2.463933204644568886e-01,-1.466036367534506724e-03,5.825519426970734571e+01,8.870603719234190976e+01,1.089519707018024377e+02
-2.045128607016266642e-01,-4.390529880842587995e-01,-4.854491638895705452e-01,4.488399459782634437e+01,7.941773874216477225e+01,1.013029384085034934e+02
-3.120868219375614316e-01,-1.944143798525739264e-01,-2.776747317106228463e-01,6.305806701515139423e+01,7.772702626656784730e+01,1.001663227824438280e+02
-4.481386132421967261e-01,3.455952762632454878e-01,5.183726496407489170e-01,5.173745259870579360e+01,7.661353716123511504e+01,9.386771290062893058e+01
-3.772037014943805944e-01,-9.835367876599332426e-03,-2.613458604340603286e-01,5.883136748046722175e+01,9.502240623446591883e+01,9.578084433823178756e+01
-2.323987450085087114e-01,4.968084495653189991e-01,3.864722212491097375e-01,5.891625419177951528e+01,6.695936326757029633e+01,1.084510168662722975e+02
-4.355134032322494075e-01,2.835530462800085472e-01,3.463123548258090212e-01,4.574497178199186465e+01,8.328481818920587898e+01,9.108198799692584657e+01
2.445152922750787328e-01,-3.759153324387754513e-01,-1.105569080214359734e-01,5.496214149162726414e+01,7.091626819792419667e+01,1.090167715564300863e+02
-7.191417633601121517e-02,3.100337757599805899e-01,-3.425097223697478599e-01,6.064403319484195976e+01,9.494678709050424459e+01,1.012026606099861112e+02
-4.827907219222687951e-02,-4.229680829484782079e-01,-4.973357780892612157e-02,4.725483209270365137e+01,7.810252226468867320e+01,9.929255121416295538e+01
-1.523400499370976546e-01,3.621177274216368369e-01,-8.573844695022203588e-03,6.176384228102340046e+01,7.515786694132249579e+01,1.013795920151341932e+02
-1.387413080099078044e-01,-1.200407989388364571e-01,1.184479065879328052e-01,5.936018538378975506e+01,7.875033989673391943e+01,1.235056619230374508e+02
1.428464818180517071e-01,-3.524953873159413220e-01,-7.424748817446946703e-02,5.086626048578131787e+01,9.240257628332041406e+01,1.164126445834083796e+02
-4.107727208296789723e-01,4.742992998800026339e-01,1.201520375462467038e-01,5.311739996437909639e+01,9.860982201038595463e+01,1.174030259352532539e+02
-1.905992775677928242e-01,-3.698739674318146653e-02,4.990179770288388772e-01,5.838591947366339241e+01,6.606368035982019649e+01,1.020856159041950377e+02
-2.712549795419096910e-01,1.516543056993131522e-01,1.824167789584315580e-01,6.558808352785200668e+01,7.671743074493787162e+01,9.427163941800667146e+01
5.095993621797670903e-01,4.532057579125869928e-01,-3.455976844460530439e-01,5.095805829806943166e+01,6.837055070120908340e+01,1.195092317460479876e+02
-3.730969452608106085e-01,5.095964320570435246e-01,-3.726377622603690432e-01,5.647640604075343163e+01,8.565296449765426701e+01,1.111615520761883147e+02
4.157724030678079385e-01,-5.187619807600964972e-01,-1.845580479469155488e-02,5.844187179745600247e+01,6.741910727442169105e+01,1.235292915916577954e+02
1.549312882643605338e-01,3.534037724828104077e-01,2.180102847312682668e-01,4.459082709238141717e+01,9.123882729574272332e+01,1.209577225647321370e+02
9.810356566835476411e-02,-4.657197381149800752e-01,3.208599984847945175e-01,5.384244960169063887e+01,8.607392498005503967e+01,1.032052102501363748e+02
1.258200387351700034e-01,3.847650307981480555e-01,5.189442962087212896e-01,6.526880720012471215e+01,8.025487988037558296e+01,1.045967335249046073e+02
-2.445590420276912980e-01,-2.511340416641874573e-01,-1.659407437808178565e-01,4.574912238803214848e+01,8.405153553080900508e+01,1.023514072145296012e+02
4.048021325029079742e-01,1.188741848295261638e-01,1.875023512827260763e-01,5.161671801794400949e+01,9.529347882747003950e+01,1.241430243597280736e+02
-3.449542366951134920e-01,6.473663217956659999e-02,1.508062925475899263e-01,4.888298887034088125e+01,9.689719026255396273e+01,1.048403285830854514e+02
-4.347842849431208800e-01,4.278935551918038316e-01,9.663010214216760652e-02,5.712151429359852273e+01,9.295928612045284467e+01,1.066747318342816868e+02
-4.993665252176268665e-01,2.873690246312206042e-01,-5.521277155818327120e-02,4.708990348455849784e+01,7.519434645386968441e+01,1.258751071888452628e+02
4.836981032196790986e-01,-2.294447680766612541e-01,-4.660709894354880256e-01,6.094869842998919296e+01,8.019087679830219884e+01,1.006897982271688790e+02
-1.422177864220560695e-01,-1.073115433449428613e-01,2.805782365301601189e-03,6.194679945509909658e+01,8.322227607707090158e+01,1.132269082655875678e+02
-3.992207112557888404e-02,-4.711271728491019939e-01,-3.259798113751165571e-01,5.586170243185394924e+01,9.742543494916050406e+01,1.235064949062622475e+02
2.974888734447295180e-01,1.991002875194828325e-01,-4.621087159647694342e-01,6.415257760631376982e+01,7.903880698581060926e+01,9.915791732663387847e+01
2.459795443641614732e-01,-2.982646133363958119e-01,-3.119451754126328913e-01,6.137793159818292565e+01,8.353712968167832287e+01,1.089317540353545439e+02
2.255738186439556481e-01,5.035147261657363371e-01,-8.968852023673029583e-02,5.403744076252900186e+01,8.021920161455814480e+01,1.078110258552409704e+02
1.562765947302291458e-01,-2.991566913717813581e-01,2.633906676026257498e-01,4.611620200031844519e+01,7.528340073783813580e+01,9.955888283031382002e+01
1.569189942033397678e-01,2.614000064691035519e-01,-2.091547645095249708e-01,5.894119810565565842e+01,8.299301081190149887e+01,1.234216481724764094e+02
-2.217668627376726542e-01,4.133161886149355757e-01,-1.349270071171959628e-02,5.042167683355549457e+01,8.472915945609032917e+01,8.954561890625413412e+01
2.702688494112674977e-01,-4.220437680257047020e-01,4.481697728553697413e-01,5.527035893950881018e+01,8.651977568695352261e+01,8.986670154768256680e+01
-2.708345437355831331e-01,4.327912323185449939e-01,-4.881220314850736597e-01,4.551420313695740560e+01,8.156892876537988002e+01,9.480679548711128746e+01
-9.578858029619252701e-02,-4.921256943173470955e-01,-6.303182331863371735e-02,6.158927732580103509e+01,8.615721016537699484e+01,1.210732266508744601e+02
-5.302851095129867964e-02,4.417628527685956152e-01,-5.984574702056244533e-02,5.123315804872621726e+01,7.693213418284571503e+01,1.200006610088474588e+02
-4.655888387739520740e-01,-1.104986960205184832e-01,3.764997647624991339e-01,5.432093561338656684e+01,7.823073262968588892e+01,1.110516480081388977e+02
2.531248331802978813e-01,-1.757584454452456590e-01,3.567761954850126038e-01,5.964352578750835221e+01,7.989008608253030275e+01,1.110734242730420078e+02
-3.122930433780232717e-01,3.724275589491192751e-01,3.940261250201365639e-01,6.074247460559292477e+01,7.895993865911017906e+01,9.045688173853136504e+01
-2.451804030211561236e-01,-3.884788156865077724e-01,3.652542467527987169e-01,4.534868944701572957e+01,8.494383169080009566e+01,1.254494399000437852e+02
